CCH_Pounder;Joel_David_Moore;Wes_Studi
Tom_Hardy;Christian_Bale;Joseph_Gordon-Levitt
Brad_Garrett;Donna_Murphy;M.C._Gainey
Chris_Hemsworth;Robert_Downey_Jr.;Scarlett_Johansson
Alan_Rickman;Daniel_Radcliffe;Rupert_Grint
Chris_Hemsworth;Robert_Downey_Jr.;Scarlett_Johansson
Aidan_Turner;Adam_Brown;James_Nesbitt
Aidan_Turner;Adam_Brown;James_Nesbitt
Leonardo_DiCaprio;Kate_Winslet;Gloria_Stuart
Robert_Downey_Jr.;Scarlett_Johansson;Chris_Evans
Albert_Finney;Helen_McCrory;Rory_Kinnear
Tom_Hanks;John_Ratzenberger;Don_Rickles
Jennifer_Lawrence;Peter_Dinklage;Hugh_Jackman
Benedict_Cumberbatch;Bruce_Greenwood;Noel_Clarke
Sofia_Boutella;Melissa_Roxburgh;Lydia_Wilson
John_Ratzenberger;Fred_Willard;Jeff_Garlin
Christian_Bale;Heath_Ledger;Morgan_Freeman
John_Ratzenberger;Delroy_Lindo;Jess_Harnell
Robert_Downey_Jr.;Jeff_Bridges;Jon_Favreau
Chloë_Grace_Moretz;Christopher_Lee;Ray_Winstone
Tom_Cruise;Lara_Pulver;Noah_Taylor
Amy_Poehler;Mindy_Kaling;Phyllis_Smith
Scarlett_Johansson;Bill_Murray;Garry_Shandling
Gary_Oldman;Judy_Greer;Kodi_Smit-McPhee
Scarlett_Johansson;Chris_Evans;Hayley_Atwell
Damon_Wayans_Jr.;Daniel_Henney;Abraham_Benrubi
Jack_McBrayer;Sarah_Silverman;Joe_Lo_Truglio
Gerard_Butler;America_Ferrera;Craig_Ferguson
Bradley_Cooper;Vin_Diesel;Djimon_Hounsou
Matthew_McConaughey;Anne_Hathaway;Mackenzie_Foy
Leonardo_DiCaprio;Tom_Hardy;Joseph_Gordon-Levitt
Mark_Chinnery;Shin'ya_Tsukamoto;Atsuko_Maeda
Aidan_Turner;Adam_Brown;James_Nesbitt
Brad_Pitt;Jason_Flemyng;Julia_Ormond
Jennifer_Lawrence;Michael_Fassbender;Oliver_Platt
Robert_Pattinson;Daniel_Radcliffe;Fiona_Shaw
Robert_Pattinson;Daniel_Radcliffe;Rupert_Grint
Janeane_Garofalo;John_Ratzenberger;Brian_Dennehy
Christian_Bale;Liam_Neeson;Morgan_Freeman
Josh_Gad;Maurice_LaMarche;Livvy_Stubenrauch
Tom_Hardy;Charlize_Theron;Zoë_Kravitz
Tom_Cruise;Tony_Goldwyn;Chad_Lindberg
Chris_Hemsworth;Leonard_Nimoy;Bruce_Greenwood
Gerard_Butler;Djimon_Hounsou;America_Ferrera
Matt_Frewer;Billy_Crudup;Stephen_McHattie
Don_Johnson;Philip_Michael_Thomas;John_Diehl
Leonardo_DiCaprio;Tom_Hardy;Lukas_Haas
Matt_Damon;Edgar_Ramírez;Albert_Finney
Angelina_Jolie_Pitt;Wayne_Knight;Dan_Fogler
Jennifer_Lawrence;Josh_Hutcherson;Sandra_Ellis_Lafferty
Daniel_Radcliffe;Gary_Oldman;Rupert_Grint
Rupert_Grint;Dave_Legeno;Ralph_Ineson
Daniel_Radcliffe;Fiona_Shaw;Verne_Troyer
Johnny_Depp;Orlando_Bloom;Jack_Davenport
Hugh_Jackman;Bruce_Davison;Aaron_Stanford
Robert_Downey_Jr.;Eddie_Marsan;Paul_Anderson
Ronny_Cox;Rachel_Ticotin;Marshall_Bell
Suraj_Sharma;Rafe_Spall;Tabu
Natalie_Portman;Christopher_Lee;Hayden_Christensen
Steve_Buscemi;John_Ratzenberger;James_Coburn
Phaldut_Sharma;Basher_Savage;Amy_Warren
Leonardo_DiCaprio;Adam_Scott;Frances_Conroy
George_Peppard;Dirk_Benedict;Dwight_Schultz
Christopher_Lee;Orlando_Bloom;Billy_Boyd
Matt_Damon;Donald_Glover;Benedict_Wong
Djimon_Hounsou;Connie_Nielsen;Oliver_Reed
Tom_Cruise;Frank_Grillo;Jessica_Capshaw
Eva_Green;Tobias_Menzies;Ivana_Milicevic
Joe_Morton;Jenette_Goldstein;S._Epatha_Merkerson
Denzel_Washington;Ruby_Dee;RZA
Leonardo_DiCaprio;Christoph_Waltz;Ato_Essandoh
Leonardo_DiCaprio;Djimon_Hounsou;Stephen_Collins
Leonardo_DiCaprio;Matthew_McConaughey;Jon_Favreau
Tom_Hanks;Jim_Sturgess;Jim_Broadbent
Leonardo_DiCaprio;Liam_Neeson;Jim_Broadbent
Christian_Bale;Ni_Ni;Shigeo_Kobayashi
Ioan_Gruffudd;Sam_Shepard;Ewen_Bremner
Milla_Jovovich;Bruce_Willis;Gary_Oldman
Alexander_Gould;Stephen_Root;Brad_Garrett
Orlando_Bloom;Billy_Boyd;Bernard_Hill
Christopher_Lee;Orlando_Bloom;Billy_Boyd
James_Franco;David_Oyelowo;Tyler_Labine
Holly_Hunter;Craig_T._Nelson;Lou_Romano
Tom_Hanks;John_Ratzenberger;Wayne_Knight
Leonardo_DiCaprio;Matt_Damon;Ray_Winstone
Ming-Na_Wen;Harvey_Fierstein;June_Foray
Robin_Wright;Goran_Visnjic;Joely_Richardson
Bruce_Willis;Aldis_Hodge;Kevin_Chamberlin
Robert_Downey_Jr.;Eddie_Marsan;Robert_Maillet
Paddy_Considine;Bruce_McGill;Rosemarie_DeWitt
Tom_Hanks;Paul_Sanchez;Nick_Searcy
Matt_Damon;Joan_Allen;Oksana_Akinshina
Brad_Pitt;Bernie_Mac;Elliott_Gould
Caroline_Dhavernas;Scott_Thompson;Hettienne_Park
Bob_Hoskins;Gabriel_Thomson;Clemens_Schick
Roy_Scheider;Ben_Vereen;Max_Wright
Anna_Kendrick;Kieran_Culkin;Ellen_Wong
Robert_Downey_Jr.;Jake_Gyllenhaal;Anthony_Edwards
Leonardo_DiCaprio;Joseph_Sikora;Nellie_Sciutto
Tom_Hanks;Jennifer_Jason_Leigh;Liam_Aiken
Elden_Henson;Royce_Johnson;Charlie_Cox
Brad_Pitt;Logan_Lerman;Jim_Parrack
Elizabeth_Montgomery;Agnes_Moorehead;Dick_York
Pedro_Armendáriz_Jr.;Jacques_Perrin;Rie_Miyazawa
Adam_Goldberg;Austin_Pendleton;Judd_Hirsch
Matthew_Broderick;Nathan_Lane;Niketa_Calame
Jeff_Bridges;James_Franco;Mackenzie_Foy
Steve_Carell;Miranda_Cosgrove;Steve_Coogan
Charlie_Hunnam;Danny_Huston;Rita_Davies
Harold_Perrineau;Matt_Ryan;Charles_Halford
Adam_Arkin;Brent_Sexton;Damian_Lewis
Ayelet_Zurer;Moritz_Bleibtreu;Mathieu_Amalric
Mhairi_Calvey;Patrick_McGoohan;James_Robinson
Michael_Fassbender;Brad_Pitt;Christoph_Waltz
Nicole_Beharie;Katia_Winter;Lyndie_Greenwood
Steve_Buscemi;Alison_Lohman;Albert_Finney
Michael_Biehn;Todd_Graff;Mary_Elizabeth_Mastrantonio
Henry_Cavill;David_Kelly;Nathaniel_Parker
Steve_Carell;Miranda_Cosgrove;Jack_McBrayer
Al_Pacino;Rip_Torn;Debi_Mazar
Tom_Hanks;Vin_Diesel;Matt_Damon
Goran_Visnjic;Stephen_Root;Denis_Leary
Keanu_Reeves;Marcus_Chong;Gloria_Foster
Tom_Hanks;Miko_Hughes;Kathleen_Quinlan
Hugh_Jackman;Eddie_Redmayne;Anne_Hathaway
Brad_Pitt;Meat_Loaf;Eugenie_Bondurant
Jason_Flemyng;James_Nesbitt;Frances_O'Connor
Michael_Smiley;David_Calder;Simon_Chandler
Wayne_Knight;Ariana_Richards;Bob_Peck
Craig_Stark;Jennifer_Jason_Leigh;Zoë_Bell
Gerard_Butler;Michael_Fassbender;Vincent_Regan
Tom_Hanks;Jeffrey_DeMunn;Michael_Jeter
Patrick_Fugit;Sela_Ward;Emily_Ratajkowski
Matt_Damon;Josh_Hamilton;Nicky_Naudé
Natascha_McElhone;Noah_Emmerich;Peter_Krause
Tom_Cruise;Jada_Pinkett_Smith;Debi_Mazar
Jennifer_Saunders;Dawn_French;John_Hodgman
Denzel_Washington;Radha_Mitchell;Giancarlo_Giannini
Morgan_Freeman;Will_Ferrell;Alison_Brie
Philip_Seymour_Hoffman;Zooey_Deschanel;Michael_Angarano
Ryan_Reynolds;Ed_Skrein;Stefan_Kapicic
Keanu_Reeves;Al_Pacino;Charlize_Theron
Tom_Hanks;Siobhan_Fallon_Hogan;Sam_Anderson
Tom_Hanks;Chris_Mulkey;Michael_Chernus
Will_Smith;Kurt_Fuller;James_Karen
David_Carradine;Vivica_A._Fox;Chiaki_Kuriyama
Christopher_Judge;Don_S._Davis;Gary_Jones
Vivica_A._Fox;Michael_Parks;Michael_Bowen
Angelina_Jolie_Pitt;Michael_Kelly;Colm_Feore
Denis_Lavant;André_Dussollier;Albert_Dupontel
James_Mason;Shelley_Winters;Lois_Maxwell
Will_Smith;Rosario_Dawson;Madison_Pettis
Al_Pacino;Joe_Mantegna;Bridget_Fonda
Jim_Broadbent;Kylie_Minogue;Richard_Roxburgh
Quentin_Tarantino;Rosario_Dawson;Zoë_Bell
Leonardo_DiCaprio;Tom_Hanks;Jennifer_Garner
Nick_Stahl;Miranda_Otto;Dash_Mihok
Robert_De_Niro;Don_Rickles;Kevin_Pollak
Kathleen_Freeman;Chris_Miller;Bobby_Block
Lupe_Ontiveros;Yeardley_Smith;Shirley_Knight
Brad_Pitt;Tom_Cruise;Kirsten_Dunst
Denzel_Washington;James_Ransone;Peter_Gerety
Philip_Seymour_Hoffman;Robin_Wright;Brad_Pitt
Natalie_Portman;Eddie_Marsan;Rupert_Graves
Bernard_Hill;Gemma_Jones;Nicola_Walker
Deborah_Kara_Unger;Armin_Mueller-Stahl;Charles_Martinet
David_Jason;Bruce_Alexander;John_Lyons
Grey_Damon;Brittany_Curran;Aaron_Hill
Vin_Diesel;Harry_Connick_Jr.;M._Emmet_Walsh
Kevin_Spacey;Kate_Winslet;Matt_Craven
Viggo_Mortensen;Naomi_Watts;Raza_Jaffrey
Tobias_Menzies;Graham_McTavish;Stephen_Walters
Michael_O'Neill;Jacob_Vargas;James_Lew
Harrison_Ford;Julian_Glover;Alison_Doody
Christian_Bale;Logan_Lerman;Gretchen_Mol
Nandita_Das;Gulshan_Grover;Eric_Peterson
Sylvester_Stallone;Brian_Dennehy;Chris_Mulkey
Donatas_Banionis;Anatoliy_Solonitsyn;Natalya_Bondarchuk
LeVar_Burton;Alfre_Woodard;Jonathan_Frakes
Hugh_Jackman;Jake_Gyllenhaal;Dylan_Minnette
Denzel_Washington;Snoop_Dogg;Tom_Berenger
Colin_Firth;Liam_Neeson;Kris_Marshall
Pierre_Perrier;Clotilde_Hesme;Céline_Sallette
Clea_DuVall;Scoot_McNairy;Tate_Donovan
Harrison_Ford;Daniel_Roebuck;Sela_Ward
Robert_De_Niro;Brad_Pitt;Minnie_Driver
Mel_Blanc;Dickie_Jones;Cliff_Edwards
Nicolas_Cage;Jeremy_Crutchley;Jared_Burke
Jet_Li;Tony_Chiu_Wai_Leung;Maggie_Cheung
Tim_Conway;Gavin_MacLeod;Bob_Hastings
Bruce_Willis;Haley_Joel_Osment;Olivia_Williams
Lea_Thompson;Jeffrey_Weissman;Thomas_F._Wilson
Jerry_Ferrara;Scott_Elrod;Dan_Bilzerian
Javier_Botet;Frances_O'Connor;Robin_Atkin_Downes
Andrew_Garfield;Dustin_Fitzsimons;Marcella_Lentz-Pope
Keanu_Reeves;Anthony_Hopkins;Gary_Oldman
Harrison_Ford;Christopher_Meloni;Nicole_Beharie
Wes_Studi;Terry_Kinney;Eric_Schweig
Bokeem_Woodbine;Curtis_Armstrong;Harry_Lennix
Rosario_Dawson;Powers_Boothe;Jason_Douglas
Sally_Kirkland;Jay_O._Sanders;Cheryl_Penland
Tom_Hanks;Mark_Rylance;Amy_Ryan
Henry_Cavill;James_Frain;Michael_Wincott
Christian_Bale;Hugh_Jackman;Scarlett_Johansson
Rudy_Youngblood;Dalia_Hernández;Jonathan_Brewer
Naomi_Watts;Geraldine_Chaplin;Oaklee_Pendergast
Bill_Murray;Meryl_Streep;Helen_McCrory
Mathieu_Kassovitz;Jamel_Debbouze;Isabelle_Nanty
Michael_Wincott;Bai_Ling;David_Patrick_Kelly
Tamannaah_Bhatia;Anushka_Shetty;Prabhas
Adam_Baldwin;Sean_Maher;Michael_Hitchcock
Joseph_Gordon-Levitt;Wayne_Knight;Kristen_Johnston
Denzel_Washington;Vincent_Pastore;Deborah_Kara_Unger
Wilford_Brimley;Richard_Masur;David_Clennon
Sylvester_Stallone;Phylicia_Rashad;Graham_McTavish
Jeremy_Renner;Jon_Hamm;Owen_Burke
Chris_Hemsworth;Olivia_Wilde;Alexandra_Maria_Lara
Patton_Oswalt;Neil_Flynn;Jim_Meskimen
Blair_Underwood;Xander_Berkeley;Mason_Gamble
Bradley_Cooper;Rob_Riggle;Mike_Epps
Michael_Gough;Jack_Palance;William_Hootkins
Catherine_Dyer;Quinton_Aaron;Kim_Dickens
Matt_Damon;Jeff_Bridges;Bruce_Green
Kevin_Spacey;Matt_McCoy;Paul_Guilfoyle
Johnny_Depp;Lin_Shaye;Amanda_Wyss
Tom_Hanks;Ruth_Wilson;B.J._Novak
Denzel_Washington;Delroy_Lindo;Al_Freeman_Jr.
Johnny_Depp;Al_Pacino;Anne_Heche
Emilia_Fox;Frank_Finlay;Ed_Stoppard
Ruth_Wilson;Indira_Varma;Warren_Brown
Delroy_Lindo;Jesse_Borrego;Raymond_Cruz
Oliver_Reed;Rod_Steiger;John_Gielgud
Maricel_Álvarez;Hanaa_Bouchaib;Eduard_Fernández
Rumi_Hiiragi;Yûki_Amami;Yuria_Nara
Paul_Sorvino;Warren_Beatty;M._Emmet_Walsh
Tom_Cruise;Demi_Moore;Kevin_Pollak
Harrison_Ford;Ian_McDiarmid;Kenny_Baker
Kate_Winslet;David_Kross;Susanne_Lothar
Jake_Gyllenhaal;Cas_Anvar;Russell_Peters
Viggo_Mortensen;Kyle_Schmid;William_Hurt
Harrison_Ford;Marlon_Brando;Robert_Duvall
Bill_Murray;Tom_Wilkinson;F._Murray_Abraham
Tom_Hanks;John_Ratzenberger;Jim_Varney
Ryan_Gosling;Denzel_Washington;Ethan_Suplee
Scott_Glenn;Jeffrey_Jones;Courtney_B._Vance
Morgan_Freeman;Brad_Pitt;Reg_E._Cathey
Sharlto_Copley;Jed_Brophy;Jason_Cope
John_Doman;Spencer_Treat_Clark;Tom_Guiry
Clint_Eastwood;Morgan_Freeman;Mike_Colter
Ryan_Gosling;Kevin_Connolly;Gena_Rowlands
Anthony_Hopkins;Brad_Pitt;Julia_Ormond
Zach_Gilford;Aimee_Teegarden;Scott_Porter
Kurt_Fuller;Audrey_Fleurot;Nina_Arianda
Johnny_Depp;Ethan_Suplee;Jordi_Mollà
Mark_Gatiss;Geraldine_McEwan;Peter_Sallis
Benedict_Cumberbatch;Alfie_Allen;Brenda_Blethyn
Edgar_Arreola;Bernardo_Saracino;Daniel_Kaluuya
Jake_Gyllenhaal;50_Cent;Oona_Laurence
Haley_Joel_Osment;Robert_Duvall;Emmanuelle_Vaugier
Will_Ferrell;Christian_Stolte;Danny_Rhodes
Robert_De_Niro;Yaphet_Kotto;Philip_Baker_Hall
Zach_Gilford;Joan_Allen;Liam_James
Debi_Mazar;Kevin_Connolly;Kevin_Dillon
Ólafur_Darri_Ólafsson;Ingvar_Eggert_Sigurðsson;Björn_Hlynur_Haraldsson
Denzel_Washington;Morgan_Freeman;Matthew_Broderick
Robert_De_Niro;Burt_Young;Treat_Williams
Brad_Pitt;Jeremy_Renner;Sam_Shepard
James_Franco;Salma_Hayek;Anders_Holm
Sandra_Ellis_Lafferty;Dallas_Roberts;Tyler_Hilton
Amanda_Schull;Kirk_Acevedo;Tom_Noonan
Toby_Jones;Clint_Howard;Oliver_Platt
Denzel_Washington;Kevin_McNally;Penelope_Wilton
Robin_Williams;Frank_Welker;Scott_Weinger
Aldis_Hodge;Neil_Brown_Jr.;R._Marcos_Taylor
Harrison_Ford;Amrish_Puri;Kate_Capshaw
Alan_Rickman;Bruce_Willis;Reginald_VelJohnson
Ryan_Gosling;Christian_Bale;Charlie_Talbert
Eddie_Cahill;Noah_Emmerich;Kenneth_Mitchell
Bill_Murray;Anjelica_Huston;Seymour_Cassel
Elizabeth_McGovern;Deborah_Twiss;Michael_Rispoli
Talulah_Riley;Brenda_Blethyn;Simon_Woods
Harrison_Ford;Sean_Young;M._Emmet_Walsh
Jacques_Perrin;Philippe_Labro;
Colin_Salmon;Mary_Elizabeth_Mastrantonio;Jake_McDorman
Scarlett_Johansson;Bill_Murray;Garry_Shandling
John_Belushi;Aretha_Franklin;Ray_Charles
Bruce_Willis;Morgan_Freeman;Dorian_Missick
Dennis_Quaid;Scott_Glenn;Sam_Shepard
Rufus_Sewell;William_Hurt;Bruce_Spence
Jackie_Gleason;Art_Carney;Joyce_Randolph
Robert_Duvall;Michael_Jeter;Julian_Richings
Rob_McElhenney;Kaitlin_Olson;Glenn_Howerton
Holly_Hunter;Tim_Blake_Nelson;Daniel_von_Bargen
Archie_Panjabi;Danny_Huston;Donald_Sumpter
Tom_Cruise;Valeria_Golino;Beth_Grant
Clint_Eastwood;Dreama_Walker;Ahney_Her
Liam_Neeson;Holly_Valance;Xander_Berkeley
Liam_Neeson;Embeth_Davidtz;Caroline_Goodall
Emma_Stone;Bryce_Dallas_Howard;Mike_Vogel
Robert_De_Niro;Billy_Drago;Charles_Martin_Smith
Kelly_Macdonald;Stephen_Root;Barry_Corbin
Michael_Biehn;Dana_Delany;Powers_Boothe
Lee_Remick;Patrick_Troughton;Billie_Whitelaw
Johnny_Depp;Kate_Winslet;Kelly_Macdonald
Robert_De_Niro;Mike_Starr;Paul_Sorvino
Al_Pacino;F._Murray_Abraham;Mary_Elizabeth_Mastrantonio
Cary-Hiroyuki_Tagawa;Joan_Chen;Victor_Wong
Jim_Meskimen;Paul_F._Tompkins;Kevin_Breznahan
Meryl_Streep;Stephen_Dillane;Miranda_Richardson
Robin_Williams;Aaron_Staton;Marian_Seldes
Fanny_Ardant;John_Gielgud;Eric_Cantona
Joseph_Cotten;Richard_Anderson;James_Whitmore
Morgan_Freeman;Jeffrey_DeMunn;Bob_Gunton
Hugh_Jackman;Taron_Egerton;Tim_McInnerny
Justin_Fletcher;John_Sparkes;Kate_Harbour
Stephen_Dillane;Matthew_Knight;Amanda_Tilson
Tom_Hardy;Frank_Grillo;Kevin_Dunn
Tom_Berenger;William_Morgan_Sheppard;James_Patrick_Stuart
Anthony_Hopkins;Antony_Starr;Craig_Hall
Jim_Sturgess;Sean_Buchanan;Liya_Kebede
Keanu_Reeves;Peter_Capaldi;Swoosie_Kurtz
Jeff_Bridges;David_Hyde_Pierce;Harry_Shearer
Christian_Bale;Blythe_Danner;Jean_Simmons
Emma_Stone;Bill_Murray;Derek_Graf
Harrison_Ford;Kenny_Baker;Anthony_Daniels
Scarlett_Johansson;Brian_Johnson;Matt_Letscher
Hugh_Jackman;Taron_Egerton;Tim_McInnerny
Clint_Eastwood;Meryl_Streep;Debra_Monk
Candice_Bergen;Amrish_Puri;John_Gielgud
Dianne_Wiest;Loretta_Devine;Richard_Schiff
Michiel_Huisman;Sebastian_Koch;Christian_Berkel
Gary_Lewis;Dany_Boon;Ian_Richardson
Roy_Scheider;Joe_Spinell;Amidou
Minnie_Driver;Eric_Idle;Trey_Parker
Jennifer_Lawrence;Robert_De_Niro;Bradley_Cooper
Hunter_Parrish;Scott_Glenn;Imelda_Staunton
Harrison_Ford;Karen_Allen;William_Hootkins
Bob_Balaban;Teri_Garr;Melinda_Dillon
Anthony_Hopkins;Scott_Glenn;Anthony_Heald
Mackenzie_Foy;Lili_Taylor;Hayley_McFarland
Quvenzhané_Wallis;Scoot_McNairy;Taran_Killam
Johnny_Depp;Dianne_Wiest;Conchata_Ferrell
Sam_Claflin;Emilia_Clarke;Brendan_Coyle
Roy_Scheider;Fernando_Rey;Tony_Lo_Bianco
David_Oyelowo;Tom_Wilkinson;Oprah_Winfrey
Billy_Crudup;Jamey_Sheridan;Brian_d'Arcy_James
Brad_Pitt;Harriet_Walter;Dermot_Crowley
Philip_Seymour_Hoffman;Meryl_Streep;Carrie_Preston
James_Franco;Denis_O'Hare;Lucas_Grabeel
Drake_Bell;Lili_Taylor;Lisa_Bonet
Kate_Winslet;Kirsten_Dunst;Tom_Wilkinson
Janet_Leigh;Vera_Miles;John_Gavin
Adam_Sandler;Don_Cheadle;John_de_Lancie
Kristen_Stewart;William_Hurt;Hal_Holbrook
Shengyi_Huang;Chi_Ling_Chiu;Qiu_Yuen
Mustafa_Haidari;Shaun_Toub;Khalid_Abdalla
Naomi_Watts;Eddie_Marsan;Danny_Huston
Jim_Broadbent;Chazz_Palminteri;Dianne_Wiest
LeVar_Burton;Eric_McCormack;Scott_Wolf
Philip_Seymour_Hoffman;Jennifer_Jason_Leigh;Samantha_Morton
Minnie_Driver;Jada_Pinkett_Smith;Billy_Crudup
Christian_Bale;Emily_Watson;Sean_Pertwee
Toby_Jones;Sally_Hawkins;Alan_David
Mary_McDonnell;Michael_Spears;Maury_Chaykin
Scatman_Crothers;Shelley_Duvall;Joe_Turkel
Lea_Thompson;Thomas_F._Wilson;J.J._Cohen
Bunta_Sugawara;Ryûnosuke_Kamiki;Miyu_Irino
Emily_Watson;Sophie_Nélisse;Roger_Allam
Logan_Lerman;Sarah_Gadon;Tracy_Letts
Nicolas_Cage;Meryl_Streep;Roger_Willie
Johnny_Depp;Michael_Jeter;Ellen_Barkin
Shane_Black;Bill_Duke;Carl_Weathers
Jeffrey_Jones;F._Murray_Abraham;Tom_Hulce
Peter_Gallagher;Melinda_Clarke;Tate_Donovan
Emma_Stone;Naomi_Watts;Merritt_Wever
Christian_Clemenson;David_Alan_Basche;Susan_Blommaert
Denzel_Washington;Morgan_Freeman;Matthew_Broderick
Robert_De_Niro;Cathy_Moriarty;Frank_Vincent
James_Franco;Treat_Williams;Kate_Burton
Ian_Somerhalder;Hayden_Christensen;Kristin_Scott_Thomas
Joan_Allen;Kate_Burton;Henry_Czerny
Johnny_Depp;Bill_Murray;Martin_Landau
Julie_Christie;Brian_Blessed;Richard_Briers
Ulrich_Tukur;Burghart_Klaußner;Leonie_Benesch
Edgar_Ramírez;Nora_von_Waldstätten;Katharina_Schüttler
Emma_Stone;Joe_Lo_Truglio;Kevin_Corrigan
Don_Cheadle;Sophie_Okonedo;Hakeem_Kae-Kazim
Fionnula_Flanagan;Elaine_Cassidy;Eric_Sykes
Michael_Biehn;Carrie_Henn;Jenette_Goldstein
Jeremy_Brett;Rex_Harrison;Theodore_Bikel
Virginia_Madsen;Patrick_Gallagher;M.C._Gainey
Jamie_Lee_Curtis;Donald_Pleasence;P.J._Soles
Gary_Cole;Bridget_Fonda;Chelcie_Ross
Rufus_Sewell;Eddie_Marsan;Jake_Wood
Alan_Rickman;Kate_Winslet;Tom_Wilkinson
Frances_Fisher;Kim_Dickens;Ron_Eldard
Robin_Williams;Josh_Charles;Kurtwood_Smith
Bruno_Kirby;Gretchen_Palmer;Harley_Jane_Kozak
Charlotte_Rampling;James_Mason;Jack_Warden
Bérénice_Bejo;Ed_Lauter;Beth_Grant
Bruce_Willis;Bill_Murray;Bob_Balaban
Ivana_Baquero;Maribel_Verdú;Sergi_López
Bill_Bailey;Joe_Cornish;Billie_Whitelaw
Mike_Starr;Don_Pardo;Julie_Kavner
Denzel_Washington;Tom_Hanks;Jason_Robards
Cary-Hiroyuki_Tagawa;Sarah_Roemer;Joan_Allen
Steven_Van_Zandt;Trond_Fausa;Tommy_Karlsen
Macaulay_Culkin;Devin_Ratray;Catherine_O'Hara
Chen_Chang;Pei-Pei_Cheng;Sihung_Lung
Kevin_Spacey;Peter_Gallagher;Ara_Celi
Colin_Firth;Jennifer_Ehle;Derek_Jacobi
Oprah_Winfrey;Rae_Dawn_Chong;Dana_Ivey
Benedict_Cumberbatch;Rory_Kinnear;Allen_Leech
Sissy_Spacek;Beverly_D'Angelo;Levon_Helm
Catherine_O'Hara;Jeffrey_Jones;Glenn_Shadix
Robert_De_Niro;Meryl_Streep;John_Savage
Jake_Gyllenhaal;Anna_Kendrick;America_Ferrera
Eddie_Redmayne;Emily_Watson;Simon_McBurney
Claude_Rains;José_Ferrer;Jack_Hawkins
Robin_Wright;Carol_Kane;André_the_Giant
Denzel_Washington;Jurnee_Smollett-Bell;John_Heard
Ryan_Gosling;Albert_Brooks;Russ_Tamblyn
Scarlett_Johansson;Mark_Gatiss;Penelope_Wilton
Anthony_Hopkins;Peter_Vaughan;Ben_Chaplin
Don_Cheadle;Nicole_Ari_Parker;Nina_Hartley
Jeremy_Renner;Christian_Camargo;Brian_Geraghty
Bono;The_Edge;Larry_Mullen_Jr.
Robert_De_Niro;Bob_Hoskins;Jim_Broadbent
David_Ogden_Stiers;Nicole_de_Boer;Chris_Bruno
Philip_Seymour_Hoffman;Jeff_Bridges;Steve_Buscemi
Elizabeth_Berrington;Anna_Madeley;Eric_Godon
Levon_Helm;Dwight_Yoakam;Guillermo_Arriaga
Robert_Downey_Jr.;Corbin_Bernsen;Larry_Miller
Naomi_Watts;Robert_Forster;Laura_Harring
Anna_Silk;Tom_Hollander;Alessandro_Nivola
Brigitte_Helm;Gustav_Fröhlich;Rudolf_Klein-Rogge
Konstantin_Lavronenko;Vladimir_Garin;Nataliya_Vdovina
Bill_Murray;Chris_Elliott;Willie_Garson
Kristin_Scott_Thomas;Aidan_Quinn;Arben_Bajraktaraj
Clint_Eastwood;Morgan_Freeman;Frances_Fisher
Anil_Kapoor;Saurabh_Shukla;Ayush_Mahesh_Khedekar
Martin_Short;Andrea_Martin;Joe_Flaherty
Sylvester_Stallone;Brian_Dennehy;Chris_Mulkey
Emmanuelle_Seigner;Mathieu_Amalric;Isaach_De_Bankolé
Kate_Winslet;Noah_Emmerich;Jane_Adams
Madeline_Carroll;Rebecca_De_Mornay;Aidan_Quinn
Jake_Gyllenhaal;Heath_Ledger;Anne_Hathaway
Krystyna_Janda;Olaf_Lubaszenko;Olgierd_Lukaszewicz
Thomas_Kretschmann;Bruno_Ganz;Alexandra_Maria_Lara
Belén_Rueda;Lola_Dueñas;Tamar_Novas
Natalie_Portman;Mila_Kunis;Mark_Margolis
Robert_De_Niro;Al_Pacino;Robert_Duvall
Logan_Lerman;Eric_Stoltz;Cameron_Bright
Elina_Alminas;Sonoya_Mizuno;Corey_Johnson
Willie_Garson;Orson_Bean;Mary_Kay_Place
Yuki_Matsuzaki;Kazunari_Ninomiya;Shidô_Nakamura
Joan_Allen;Jacob_Tremblay;Cas_Anvar
Michael_Nyqvist;David_Dencik;Lena_Endre
Logan_Lerman;Ezra_Miller;Kate_Walsh
Brad_Pitt;Gary_Oldman;Michael_Rapaport
Kevin_Spacey;Al_Pacino;Jude_Ciccolella
David_Niven;Mary_Astor;Ronald_Colman
Richard_Johnson;Sheila_Hancock;Cara_Horgan
Catherine_Deneuve;Udo_Kier;Björk
Min-sik_Choi;Bin_Won;Dong-gun_Jang
Ellen_Burstyn;Linda_Blair;Lee_J._Cobb
Roy_Scheider;Robert_Shaw;Murray_Hamilton
Mackenzie_Foy;Megan_Mullally;Lambert_Wilson
Leonard_Nimoy;Kirstie_Alley;Nichelle_Nichols
Robert_De_Niro;Sid_Haig;Robert_Forster
George_C._Scott;Karl_Malden;Bill_Hickman
Steven_Mackintosh;Jerry_Nelson;Steve_Whitmire
Eva_Green;Tobias_Menzies;Ivana_Milicevic
Shailene_Woodley;Sam_Trammell;Nat_Wolff
Peter_Mensah;Kelvin_Taylor;Viva_Bianca
Steve_Coogan;Mare_Winningham;Peter_Hermann
Devin_Ratray;Bruce_Dern;Will_Forte
Jürgen_Prochnow;Martin_Semmelrogge;Herbert_Grönemeyer
Tom_Hughes;Tom_Hollander;Lindsay_Duncan
Takeshi_Kaneshiro;Andy_Lau;Zhengyong_Zhang
Toni_Servillo;Sabrina_Ferilli;Serena_Grandi
Li_Gong;Tony_Chiu_Wai_Leung;Maggie_Cheung
Zack_Ward;Kate_del_Castillo;Alicja_Bachleda
Ye_Liu;Yuanyuan_Gao;Ryu_Kohata
Christopher_Lambert;Kelly_LeBrock;Alexandra_Callas
Jason_Statham;Brad_Pitt;Jason_Flemyng
Tatsuo_Matsumura;Tetsu_Watanabe;Akira_Terao
Harrison_Ford;Peter_Cushing;Kenny_Baker
Julie_Christie;Klaus_Kinski;Geraldine_Chaplin
Christian_Bale;Jack_McGee;Melissa_McMeekin
Fred_Gwynne;Bruce_McGill;Lane_Smith
Lois_Smith;Celia_Weston;Robert_Prosky
Julie_Walters;Fiona_Glascott;Eva_Birthistle
Ryan_O'Neal;Steven_Berkoff;Hardy_Krüger
Patricia_Tallman;Bridget_Fonda;Embeth_Davidtz
Johnny_Depp;Leonardo_DiCaprio;Kevin_Tighe
Henry_Ian_Cusick;Alan_Van_Sprang;Scott_Handy
Eddie_Marsan;Sally_Hawkins;Imelda_Staunton
Keir_Dullea;Gary_Lockwood;Glenn_Beck
Henry_Thomas;Dee_Wallace;Peter_Coyote
Antonia_Thomas;Johnny_Flynn;Hannah_Britland
Robin_Williams;Matt_Damon;Minnie_Driver
Richard_Burton;Richard_Beymer;Eddie_Albert
Oliver_Reed;Ron_Moody;Jack_Wild
Bill_Murray;Connie_Nielsen;Olivia_Williams
Gary_Cole;Stephen_Root;Diedrich_Bader
Michaela_Conlin;T.J._Thyne;Tamara_Taylor
Ethan_Suplee;Beverly_D'Angelo;Stacy_Keach
Johannes_Silberschneider;Clotilde_Mollet;Carlo_Cecchi
Sissy_Spacek;Richard_Farnsworth;Everett_McGill
Don_Cheadle;Loretta_Devine;Jennifer_Esposito
Krystyna_Janda;Olaf_Lubaszenko;Olgierd_Lukaszewicz
Isabelle_Huppert;Emmanuelle_Riva;Jean-Louis_Trintignant
Jonathan_Winters;Sid_Caesar;Spencer_Tracy
Carmen_Maura;Lola_Dueñas;Antonio_de_la_Torre
Robert_Downey_Jr.;Jim_Broadbent;Kristin_Scott_Thomas
Noah_Taylor;Keisha_Castle-Hughes;Luke_Ford
Tom_Skerritt;Yaphet_Kotto;Bolaji_Badejo
Gunnar_Hansen;Edwin_Neal;Marilyn_Burns
Topol;Paul_Michael_Glaser;Rosalind_Harris
Michael_Moore;Tucker_Albrizzi;Bill_Clinton
Don_Ameche;Denholm_Elliott;Ralph_Bellamy
Brian_Blessed;Derek_Jacobi;Danny_Webb
Jung-min_Hwang;Jun_Kunimura;Woo-hee_Chun
Lesley_Manville;Ruth_Sheen;Gary_McDonald
Dee_Bradley_Baker;James_Arnold_Taylor;Tom_Kane
Jacinda_Barrett;Brooke_Smith;Tabu
Shah_Rukh_Khan;Jimmy_Shergill;Christopher_B._Duncan
Padraic_Delaney;Orla_Fitzgerald;Martin_Lucey
Bruce_Willis;Eric_Stoltz;Phil_LaMarr
Madeline_Kahn;Jim_Henson;Dom_DeLuise
Jake_Gyllenhaal;Michael_Papajohn;James_Huang
Eleanor_Parker;Angela_Cartwright;Nicholas_Hammond
Steve_Carell;Steven_Christopher_Parker;Jill_Talley
Marshall_Bell;Frances_Lee_McCain;Casey_Siemaszko
Noah_Huntley;Megan_Burns;David_Schneider
Clint_Eastwood;Patrick_McGoohan;Fred_Ward
Joseph_Gordon-Levitt;Anna_Kendrick;Bryce_Dallas_Howard
Tina_Gilton;Natalie_Stephany_Aguilar;Justin_Hall
Curtis_Armstrong;Sean_Michael_Afable;Tzi_Ma
Christian_Bale;Justin_Theroux;Samantha_Mathis
Anthony_Hopkins;Vanessa_Redgrave;Samuel_West
Dominic_Cooper;Joseph_Gilgun;Ruth_Negga
Sean_Lennon;Mick_Lally;Evan_McGuire
Tom_Hardy;Jack_O'Connell;Kevin_McNally
Mitsuo_Iwata;Takeshi_Kusao;Tesshô_Genda
Stephen_McHattie;Roy_Dupuis;Julie_LeBreton
Mckenna_Grace;Lucy_Fry;Natalie_Coughlin
J.K._Simmons;Cameron_Bright;Todd_Louiso
Catherine_Deneuve;Gena_Rowlands;Danielle_Darrieux
Max_Riemelt;Elyas_M'Barek;Jennifer_Ulrich
J.K._Simmons;Jennifer_Garner;Rainn_Wilson
Al_Pacino;Marlon_Brando;Robert_Duvall
Joseph_Gordon-Levitt;Chloë_Grace_Moretz;Zooey_Deschanel
Holly_Hunter;Ian_Mune;Geneviève_Lemon
Robert_Downey_Jr.;Tate_Donovan;Alex_Borstein
Kirsten_Dunst;Adam_Goldberg;Oliver_Platt
Bill_Murray;Michael_Jordan;Bob_Costas
Sarah_Michelle_Gellar;Alyson_Hannigan;Emma_Caulfield
Albert_Finney;Helen_McCrory;Rory_Kinnear
Colin_Firth;Teddy_Sears;Keri_Lynn_Pratt
Irvin_Kershner;Barbara_Hershey;Roberts_Blossom
Roy_Billing;David_Gulpilil;Deborah_Mailman
Melinda_Clarke;Xander_Berkeley;Aaron_Stanford
Shah_Rukh_Khan;Preity_Zinta;Anupam_Kher
Ezra_Miller;Siobhan_Fallon_Hogan;Ashley_Gerasimovich
Norman_Reedus;David_Della_Rocco;Bob_Marley
Milla_Jovovich;Adam_Goldberg;Cole_Hauser
Lubna_Azabal;Mélissa_Désormeaux-Poulin;Ahmad_Massad
Wagner_Moura;Fernanda_Machado;André_Ramiro
John_Cothran;Lloyd_Avery_II;Na'Blonka_Durden
Merab_Ninidze;Juliane_Köhler;Matthias_Habich
Sam_Riley;Samantha_Morton;Alexandra_Maria_Lara
Michael_Biehn;Brian_Thompson;Paul_Winfield
Florian_Lukas;Chulpan_Khamatova;Burghart_Klaußner
Stephen_Graham;Mark_Bazeley;Maurice_Roëves
Maria_Pia_Calzone;Fortunato_Cerlino;Marco_D'Amore
Johnny_Depp;Tom_Berenger;Kevin_Dillon
Osama_bin_Laden;Stevie_Wonder;Ricky_Martin
Katharine_Ross;Ted_Cassidy;Kenneth_Mars
Ed_Wynn;Glynis_Johns;Elsa_Lanchester
Adam_Baldwin;Elizabeth_McGovern;Judd_Hirsch
Rita_Moreno;George_Chakiris;Richard_Beymer
Kevin_Spacey;Chazz_Palminteri;Kevin_Pollak
Mark_Margolis;John_D'Leo;Ajay_Naidu
John_Michael_Higgins;Catherine_O'Hara;Michael_McKean
Jim_Broadbent;Tuppence_Middleton;Lily_James
David_Oyelowo;Simon_McBurney;Abby_Mukiibi_Nkaaga
Francis_Capra;Jason_Dohring;Enrico_Colantoni
John_Cameron_Mitchell;Miriam_Shor;Andrea_Martin
William_Holden;Warren_Oates;L.Q._Jones
Noam_Chomsky;Pat_Buchanan;Bill_Baird
Romola_Garai;Blake_Ritson;Rupert_Evans
Jeanne_Moreau;Paul_Scofield;Michel_Simon
Simon_Bird;Belinda_Stewart-Wilson;James_Buckley
Eileen_Brennan;Robert_Shaw;Ray_Walston
Noah_Taylor;Armin_Mueller-Stahl;Nicholas_Bell
Clint_Eastwood;Richard_Bull;John_Hillerman
Jean-Baptiste_Maunier;François_Berléand;Gérard_Jugnot
Ruby_Dee;John_Savage;Danny_Aiello
Anupam_Kher;Steven_Mackintosh;Madhavan
Bob_Hoskins;Paddy_Considine;Shane_Meadows
Aksel_Hennie;Synnøve_Macody_Lund;Julie_R._Ølgaard
Campbell_Scott;Adam_Butcher;Gordon_Pinsent
Eugenio_Derbez;Jessica_Lindsey;Hugo_Stiglitz
Anthony_Hopkins;Anne_Bancroft;Dexter_Fletcher
Matthew_McConaughey;Jennifer_Garner;Denis_O'Hare
Callum_Rennie;Thomas_Lennon;Jorja_Fox
Julie_Walters;Gary_Lewis;Jamie_Draven
Kristen_Stewart;Hunter_Parrish;Seth_Gilliam
Maribel_Verdú;Daniel_Giménez_Cacho;María_Aura
Peter_Serafinowicz;Dylan_Moran;Rafe_Spall
Matthew_McConaughey;Clifton_James;Miriam_Colon
Marie-Josée_Croze;Stéphane_Rousseau;Marina_Hands
Claudia_Cardinale;Woody_Strode;Jack_Elam
Kevin_Spacey;Matt_Berry;Benedict_Wong
Bruce_Greenwood;Sarah_Polley;Simon_Baker
Christian_Bale;Jennifer_Jason_Leigh;Reg_E._Cathey
Jeffrey_Frost;Megan_Ambuhl_Graner;Ken_Davis
Katrina_Bowden;Tyler_Labine;Chelan_Simmons
Holly_Hunter;Dylan_Minnette;Bokeem_Woodbine
Corbin_Bernsen;Dulé_Hill;Timothy_Omundson
Billy_Crudup;Felicity_Huffman;David_Adam_Flannery
David_Raizor;Cody_Howard;Martin_Kove
Robert_Duvall;Dwight_Yoakam;J.T._Walsh
Gerard_Butler;Sharon_Small;Jack_McElhone
Philip_Seymour_Hoffman;Rosario_Dawson;Aaron_Stanford
Dan_Fogler;Indiana_Evans;KaDee_Strickland
Ellen_Burstyn;Mark_Margolis;Louise_Lasser
Jim_Belushi;John_Savage;Juan_Fernández
Jake_Gyllenhaal;Mary_McDonnell;James_Duval
Jan_Decleir;Fedja_van_Huêt;Hans_Kesting
Min-sik_Choi;Yeong-ae_Lee;Hye-jeong_Kang
Oksana_Akinshina;Artyom_Bogucharskiy;Lyubov_Agapova
Scatman_Crothers;Michael_Berryman;Louise_Fletcher
Nimrat_Kaur;Sameer_Ali_Khan;Purab_Kohli
Zack_Ward;Jonathan_Crombie;Megan_Follows
Keisha_Castle-Hughes;Rawiri_Paratene;Tammy_Davis
Dorian_Missick;Daniella_Alonso;Ellen_Barkin
Judith_O'Dea;Duane_Jones;S._William_Hinzman
Scarlett_Johansson;Bill_Murray;Catherine_Lambert
Woody_Allen;Carol_Kane;Shelley_Duvall
Nicolas_Cage;Valeria_Golino;Julian_Sands
James_Coburn;Donald_Pleasence;Gordon_Jackson
Ellar_Coltrane;Lorelei_Linklater;Libby_Villari
Geraldine_Chaplin;Belén_Rueda;Fernando_Cayo
Catherine_O'Hara;Fred_Willard;Larry_Miller
Collin_Alfredo_St._Dic;Balinese_Tari_Legong_Dancers;Puti_Sri_Candra_Dewi
Hector_Kotsifakis;Adriana_Barraza;Arcelia_Ramírez
Luis_Tosar;Enrique_Villén;Aida_Folch
Konstantin_Khabenskiy;Elena_Lyadova;Eugenia_Khirivskaya
Blythe_Danner;Ken_Howard;Howard_Caine
Jean_Harlow;Marian_Marsh;James_Hall
Robert_Shaw;Susannah_York;Paul_Scofield
Robert_Duvall;Faye_Dunaway;William_Holden
Hattie_McDaniel;George_Reeves;Thomas_Mitchell
Fernanda_Montenegro;Seu_Jorge;Fernanda_Torres
David_Ogden_Stiers;Jamie_Farr;Mike_Farrell
Brenda_Vaccaro;Barnard_Hughes;John_McGiver
Peter_Graves;Lloyd_Bridges;Barbara_Billingsley
Jada_Pinkett_Smith;Larenz_Tate;Khandi_Alexander
Ta'Rhonda_Jones;Gabourey_Sidibe;Malik_Yoba
John_Forsythe;Robert_Blake;Will_Geer
Colleen_Dewhurst;Peter_Finch;Beatrice_Straight
Bernard_Cribbins;Jean_Marsh;Clive_Swift
Brendan_Fraser;Lynn_Redgrave;Kevin_J._O'Connor
Ricardo_Darín;Soledad_Villamil;Guillermo_Francella
Ted_Raimi;Dan_Hicks;Kassie_Wesley_DePaiva
Michael_Emerson;Mark_Valley;Grey_Griffin
Morgan_Freeman;Sofie_Gråbøl;Romane_Bohringer
J.K._Simmons;Melissa_Benoist;Chris_Mulkey
Alice_Braga;Seu_Jorge;Alexandre_Rodrigues
Thomas_Bo_Larsen;Alexandra_Rapaport;Hana_Shuan
Zack_Ward;Darren_McGavin;Scott_Schwartz
François_Bégaudeau;Agame_Malembo-Emene;Angélica_Sancio
John_Cassavetes;Mia_Farrow;Charles_Grodin
Lee_Marvin;Woody_Strode;Vera_Miles
Catalina_Sandino_Moreno;Wilson_Guerrero;Yenny_Paola_Vega
John_Belushi;Karen_Allen;Tim_Matheson
Honor_Blackman;Gert_Fröbe;Lois_Maxwell
Donna_Reed;Lionel_Barrymore;Thomas_Mitchell
Kelly_Macdonald;Shirley_Henderson;Ewen_Bremner
Michael_Moore;Dick_Clark;Bill_Clinton
Burl_Ives;Judith_Anderson;Jack_Carson
William_Holden;Sessue_Hayakawa;Jack_Hawkins
Fred_MacMurray;Ray_Walston;David_White
Shirley_Jones;Jean_Simmons;Edward_Andrews
Maximilian_Schell;Montgomery_Clift;Spencer_Tracy
Matthew_Senreich;Seth_Green;Breckin_Meyer
Montgomery_Clift;Walter_Brennan;Harry_Carey_Jr.
Seamus_Davey-Fitzpatrick;Ariane_Labed;Athina_Rachel_Tsangari
John_Abraham;Lisa_Ray;Seema_Biswas
Peter_Ostrum;Jack_Albertson;Julie_Dawn_Cole
Sam_Shepard;Stuart_Margolin;Richard_Libertini
Philip_Seymour_Hoffman;Jon_Lovitz;Dylan_Baker
Min-sik_Choi;Ji-tae_Yu;Hye-jeong_Kang
Danny_Pino;Megan_Hilty;Zach_Grenier
Susan_Hampshire;Amanda_Mealing;Tim_Healy
Fernanda_Montenegro;Matheus_Nachtergaele;Othon_Bastos
Lee_Remick;Patrick_Troughton;Billie_Whitelaw
Nehemiah_Persoff;Joe_E._Brown;George_Raft
Margaret_Hamilton;Terry;Billie_Burke
Madeline_Kahn;Peter_Boyle;Teri_Garr
Vidya_Balan;Sanjay_Dutt;Jimmy_Shergill
Madeline_Kahn;David_Huddleston;Harvey_Korman
Rupert_Graves;Denholm_Elliott;Simon_Callow
Gerry_Lopez;Gabrielle_Reece;Laird_John_Hamilton
Rita_Moreno;Debbie_Reynolds;Cyd_Charisse
Joe_Cross;Joel_Fuhrman;Amy_Badberg
Patricia_Neal;Melvyn_Douglas;Whit_Bissell
Armando_Riesco;Michael_Weston;Jill_Flint
Hanno_Pöschl;Hans_Weingartner;Dominik_Castell
Joan_Chen;Ato_Essandoh;Jessica_Hecht
Sarah_Polley;Julian_Richings;Amanda_Plummer
Bill_Maher;Tal_Bachman;Steve_Burg
Larry_David;Sheryl_Crow;George_W._Bush
Stephen_Graham;Joseph_Gilgun;Jack_O'Connell
Leopold_Stokowski;Deems_Taylor;
Jessica_Tandy;Greer_Garson;Lionel_Barrymore
Myrna_Loy;Teresa_Wright;Dana_Andrews
Jørgen_Langhelle;Per_Christian_Ellefsen;Sven_Nordin
Manuela_Velasco;Pablo_Rosso;Carlos_Lasarte
Robert_Shaw;Daniela_Bianchi;Lois_Maxwell
Robert_Duvall;Brock_Peters;William_Windom
Vernon_Wells;Bruce_Spence;Kjell_Nilsson
Andy_Lau;Anita_Mui;Ho-Sung_Pak
James_Mason;Shelley_Winters;Lois_Maxwell
Alicia_Goranson;Brendan_Sexton_III;Jeannetta_Arnette
Sebastian_Koch;Ulrich_Mühe;Martina_Gedeck
George_C._Scott;Jackie_Gleason;Murray_Hamilton
Michel_Robin;Charles_Linton;Béatrice_Bonifassi
Josh_Hutcherson;James_Urbaniak;Daniel_Tay
Vernon_Dobtcheff;Albert_Delpy;Marie_Pillet
Adriana_Barraza;Jorge_Salinas;Goya_Toledo
Nicholas_Aaron;Brendan_Mackey;Joe_Simpson
Matt_Damon;George_W._Bush;Barney_Frank
Henry_Silva;Gano_Grills;Richard_Portnow
Stephen_Colbert;Amy_Sedaris;Maria_Thayer
Ari_Folman;Ronny_Dayag;Zahava_Solomon
Campbell_Scott;Dick_Cheney;Donald_Rumsfeld
John_F._Kennedy;Buzz_Aldrin;Neil_Armstrong
Joe_Morton;Colin_Ferguson;Salli_Richardson-Whitfield
Rapulana_Seiphemo;Kenneth_Nkosi;Robert_Hobbs
Rita_Hayworth;Everett_Sloane;Ted_de_Corsia
Khalid_Abdalla;Ahmed_Hassan;Aida_Elkashef
Johnny_Depp;Lin_Shaye;Amanda_Wyss
Paul_McGill;Philippe_Petit;Jean-Louis_Blondeau
Marlon_Brando;Karl_Malden;Kim_Hunter
George_C._Scott;Slim_Pickens;Keenan_Wynn
Tshewang_Dendup;Lhakpa_Dorji;Sonam_Kinga
Kimberley_Crossman;Luke_Edwards;Bree_Williamson
Moritz_Bleibtreu;Ludger_Pistor;Armin_Rohde
Tom_Wilkinson;Sissy_Spacek;Karen_Allen
Nawazuddin_Siddiqui;Nimrat_Kaur;Lillete_Dubey
Jean_Arthur;Ann_Miller;Lionel_Barrymore
Montgomery_Clift;Donna_Reed;Deborah_Kerr
Harrison_Ford;Teri_Garr;Cindy_Williams
Claude_Rains;Jean_Arthur;Thomas_Mitchell
Matthew_Ziff;T.J._Storm;Sam_Medina
Norman_Lloyd;Rhonda_Fleming;Leo_G._Carroll
Anjelica_Huston;Vincent_Gallo;Jan-Michael_Vincent
Ricardo_Darín;Gastón_Pauls;Leticia_Brédice
Ami_Ayalon;Yuval_Diskin;Yaakov_Peri
Paulette_Goddard;Stanley_Blystone;Fred_Malatesta
Angela_Sarafyan;Jaime_Zevallos;Michael_Elian
Brighton_Sharbino;Jake_Busey;Tim_Guinee
Adriana_Caselotti;Billy_Gilbert;Lucille_La_Verne
Jason_Statham;Jason_Flemyng;Dexter_Fletcher
Ulrich_Thomsen;Paprika_Steen;Trine_Dyrholm
James_Morrison;Tucker_Smallwood;Kristen_Cloke
Elina_Abai_Kyzy;Aziz_Muradillayev;Mirlan_Abdulayev
Laurence_Olivier;Joan_Fontaine;George_Sanders
Ray_Milland;Jane_Wyman;Frank_Faylen
Roddy_McDowall;Walter_Pidgeon;Barry_Fitzgerald
Michael_Emerson;Monica_Potter;Shawnee_Smith
Zuhair_Haddad;Harry_Lennix;Ben_Youcef
Matthew_Broderick;Rory_Culkin;Gaby_Hoffmann
Bruce_Willis;Morgan_Freeman;Dorian_Missick
Quentin_Tarantino;Steve_Buscemi;Chris_Penn
Clint_Eastwood;Luigi_Pistilli;Enzo_Petito
Alex_Huszar;Regina_Casé;Luis_Miranda
Paddy_Considine;Gary_Stretch;George_Newton
Iko_Uwais;Yayan_Ruhian;Donny_Alamsyah
Humphrey_Bogart;Claude_Rains;Conrad_Veidt
Ranbir_Kapoor;Shazahn_Padamsee;Gauhar_Khan
Sylvester_Stallone;Burgess_Meredith;Carl_Weathers
Robert_De_Niro;Albert_Brooks;Peter_Boyle
Billy_West;Al_Gore;
Michael_Pollan;Eric_Schlosser;Barbara_Kowalcyk
J.K._Simmons;Jennifer_Garner;Rainn_Wilson
Ed_Begley_Jr.;Phyllis_Diller;Colette_Divine
Anwar_Congo;Herman_Koto;Syamsul_Arifin
Alex_Gibney;George_W._Bush;Greg_D'Agostino
Josh_Swanson;Tom_Hamann;Anthony_Powell
Marlon_Brando;Karl_Malden;Rod_Steiger
Anamaria_Marinca;Vlad_Ivanov;Alexandru_Potocean
Ahna_O'Reilly;Melonie_Diaz;Ariana_Neal
Shahab_Hosseini;Leila_Hatami;Peyman_Moaadi
Heather_Matarazzo;Ken_Leung;Christina_Vidal
Louise_Brooks;Francis_Lederer;Fritz_Kortner
Harrison_Ford;Ron_Howard;Mackenzie_Phillips
Scott_Helvenston;Katy_Helvenston-Wettengal;Donna_Zovko
Isaac_C._Singleton_Jr.;Larry_King;Jeanette_Branch
Jean-Louis_Trintignant;Stefania_Sandrelli;Dominique_Sanda
Gary_Cooper;Lloyd_Bridges;Lon_Chaney_Jr.
William_Gates;Arthur_Agee;Isiah_Thomas
Peter_Dinklage;Lauren_Cohan;Erick_Avari
Ginger_Rogers;Edward_Everett_Horton;Eric_Blore
Joe_Cocker;Jimi_Hendrix;Joan_Baez
Aliou_Touré;Garba_Touré;Khaira_Arby
Russell_Wong;Steven_Michael_Quezada;Lymari_Nadal
Paul_McCartney;Ringo_Starr;George_Harrison
Heather_Berman;Eva_Carrozza;Paul_Daggett
Peter_Dinklage;Joe_Lo_Truglio;Paula_Garcés
Terry_Funk;Vince_McMahon;Mick_Foley
Takashi_Shimura;Minoru_Chiaki;Kamatari_Fujiwara
Tommy_Sheppard;Greg_Speirs;Mickey_Hart
Bo_Huang;Zheng_Xu;Zhonghua_Chen
Emma_Caulfield;Dylan_Baker;Mike_Colter
Mary_Kate_Wiles;Jennifer_Landa;Felix_Avitia
James_Nesbitt;Nicholas_Farrell;Tim_Pigott-Smith
Ginger_Rogers;Dick_Powell;George_Brent
Bob_Proctor;Jack_Canfield;Eric_Worre
Chris_Eigeman;Taylor_Nichols;Ellia_Thompson
Michael_Nyqvist;Frida_Hallgren;Nils-Anders_Vallgårda
Tony_Alva;Jay_Adams;Jeff_Ament
Eric_Idle;Michael_Palin;Terry_Jones
Sendhil_Ramamurthy;Masi_Oka;Greg_Grunberg
Brendon_Small;Ron_Lynch;Melissa_Bardin_Galsky
Liv_Ullmann;Ingrid_Thulin;Erland_Josephson
Lillian_Gish;Mae_Marsh;Walter_Long
Ted_Raimi;Betsy_Baker;Ellen_Sandweiss
Mark_Zupan;Joe_Bishop;Andy_Cohn
Carol_Block;Ellen_Block;Mike_Block
Jamie_Lee_Curtis;Donald_Pleasence;P.J._Soles
Jack_Warden;Lee_J._Cobb;John_Fiedler
Claudette_Colbert;Alan_Hale;Walter_Connolly
James_Cagney;Gary_Coleman;Todd_Bridges
Jean-Paul_Belmondo;Anna_Karina;Graziella_Galvani
Vera_Ngassa;Beatrice_Ntuba;
;;
Yaphet_Kotto;Gloria_Foster;Ivan_Dixon
Shirley_Henderson;James_Norton;Sarah_Lancashire
Sam_Adams;Steve_Duin;Jeff_Jacob
Esai_Morales;Robert_Davi;Elaine_Hendrix
John_Gilbert;Renée_Adorée;Claire_Adams
Brendan_Doogie_Milewski;Donald_Austin;Craig_Dougherty
Clint_Eastwood;Gian_Maria_Volontè;Aldo_Sambrell
Matisyahu;Natasha_Bedingfield;Madeleine_Albright
Hanne_Aagesen;Sylvia_Eckhausen;Ejner_Federspiel
William_Katt;John_Billingsley;David_Lee_Smith
Darryl_Hunt;Evelyn_Jefferson;John_Reeves
Sally_Kirkland;Alex_Emanuel;Elaine_Bromka
Bahare_Seddiqi;Amir_Farrokh_Hashemian;Mohammad_Amir_Naji
Tom_Cullen;Chris_New;Vauxhall_Jermaine
Abigail_Evans;Stacie_Evans;Emily_Gorell
Glen_Hansard;Markéta_Irglová;Darren_Healy
Gunnar_Hansen;Edwin_Neal;Marilyn_Burns
Peter_Robbins;Bill_Melendez;Christopher_Shea
Michael_Moore;Pat_Boone;Bob_Eubanks
;;
Jonathan_Blow;Edmund_McMillen;Phil_Fish
Jon_Brion;Dottie_Alexander;David_Barnes
Noam_Chomsky;Seth_Ackerman;Arik_Ascherman
Mark_Margolis;Clint_Mansell;Stanley_B._Herman
Chris_'Wonder'_Schoeck;;
Paul_Schneider;Eddie_Rouse;Damian_Jewan_Lee
Derick_Martini;Christa_Miller;Ion_Overman
Ringo_Starr;Levon_Helm;Bob_Dylan
Jason_Mewes;Brian_O'Halloran;Jeff_Anderson
Fereshteh_Sadre_Orafaiy;Nargess_Mamizadeh;Mojgan_Faramarzi
Richard_Jewell;John_Considine;Sara_Stepnicka
Eric_Mabius;Daphne_Zuniga;Crystal_Lowe
Natalie_Zea;Valorie_Curry;Sam_Underwood
