Source,Target,Type,Id,Label,Interval,Weight
Kirsten_Dunst,Adam_Goldberg,Undirected,0,Kirsten_Dunst,NA,1
Khalid_Abdalla,Ahmed_Hassan,Undirected,1,Khalid_Abdalla,NA,1
Zach_Gilford,Aimee_Teegarden,Undirected,2,Zach_Gilford,NA,1
Robert_De_Niro,Al_Pacino,Undirected,3,Robert_De_Niro,NA,1
Claudette_Colbert,Alan_Hale,Undirected,4,Claudette_Colbert,NA,1
Robert_De_Niro,Albert_Brooks,Undirected,5,Robert_De_Niro,NA,1
Sally_Kirkland,Alex_Emanuel,Undirected,6,Sally_Kirkland,NA,1
Thomas_Bo_Larsen,Alexandra_Rapaport,Undirected,7,Thomas_Bo_Larsen,NA,1
Sarah_Michelle_Gellar,Alyson_Hannigan,Undirected,8,Sarah_Michelle_Gellar,NA,1
Gerard_Butler,America_Ferrera,Undirected,9,Gerard_Butler,NA,1
Bahare_Seddiqi,Amir_Farrokh_Hashemian,Undirected,10,Bahare_Seddiqi,NA,1
Candice_Bergen,Amrish_Puri,Undirected,11,Candice_Bergen,NA,1
Stephen_Colbert,Amy_Sedaris,Undirected,12,Stephen_Colbert,NA,1
Donatas_Banionis,Anatoliy_Solonitsyn,Undirected,13,Donatas_Banionis,NA,1
Martin_Short,Andrea_Martin,Undirected,14,Martin_Short,NA,1
Anthony_Hopkins,Anne_Bancroft,Undirected,15,Anthony_Hopkins,NA,1
Matthew_McConaughey,Anne_Hathaway,Undirected,16,Matthew_McConaughey,NA,1
Tamannaah_Bhatia,Anushka_Shetty,Undirected,17,Tamannaah_Bhatia,NA,1
Wayne_Knight,Ariana_Richards,Undirected,18,Wayne_Knight,NA,1
Jackie_Gleason,Art_Carney,Undirected,19,Jackie_Gleason,NA,1
William_Gates,Arthur_Agee,Undirected,20,William_Gates,NA,1
Adam_Goldberg,Austin_Pendleton,Undirected,21,Adam_Goldberg,NA,1
Elina_Abai_Kyzy,Aziz_Muradillayev,Undirected,22,Elina_Abai_Kyzy,NA,1
Collin_Alfredo_St._Dic,Balinese_Tari_Legong_Dancers,Undirected,23,Collin_Alfredo_St._Dic,NA,1
Simon_Bird,Belinda_Stewart-Wilson,Undirected,24,Simon_Bird,NA,1
Ethan_Suplee,Beverly_D'Angelo,Undirected,25,Ethan_Suplee,NA,1
Peter_Robbins,Bill_Melendez,Undirected,26,Peter_Robbins,NA,1
Orlando_Bloom,Billy_Boyd,Undirected,27,Orlando_Bloom,NA,1
Min-sik_Choi,Bin_Won,Undirected,28,Min-sik_Choi,NA,1
Romola_Garai,Blake_Ritson,Undirected,29,Romola_Garai,NA,1
Christian_Bale,Blythe_Danner,Undirected,30,Christian_Bale,NA,1
Jason_Statham,Brad_Pitt,Undirected,31,Jason_Statham,NA,1
Michael_Fassbender,Brad_Pitt,Undirected,32,Michael_Fassbender,NA,1
Morgan_Freeman,Brad_Pitt,Undirected,33,Morgan_Freeman,NA,1
Nicholas_Aaron,Brendan_Mackey,Undirected,34,Nicholas_Aaron,NA,1
Adam_Arkin,Brent_Sexton,Undirected,35,Adam_Arkin,NA,1
Michael_Biehn,Brian_Thompson,Undirected,36,Michael_Biehn,NA,1
Robert_Duvall,Brock_Peters,Undirected,37,Robert_Duvall,NA,1
Alan_Rickman,Bruce_Willis,Undirected,38,Alan_Rickman,NA,1
Thomas_Kretschmann,Bruno_Ganz,Undirected,39,Thomas_Kretschmann,NA,1
Emma_Stone,Bryce_Dallas_Howard,Undirected,40,Emma_Stone,NA,1
Sylvester_Stallone,Burgess_Meredith,Undirected,41,Sylvester_Stallone,NA,1
Robert_De_Niro,Burt_Young,Undirected,42,Robert_De_Niro,NA,1
John_F._Kennedy,Buzz_Aldrin,Undirected,43,John_F._Kennedy,NA,1
Robin_Wright,Carol_Kane,Undirected,44,Robin_Wright,NA,1
Woody_Allen,Carol_Kane,Undirected,45,Woody_Allen,NA,1
Michael_Biehn,Carrie_Henn,Undirected,46,Michael_Biehn,NA,1
Robert_De_Niro,Cathy_Moriarty,Undirected,47,Robert_De_Niro,NA,1
Tom_Hardy,Charlize_Theron,Undirected,48,Tom_Hardy,NA,1
Kevin_Spacey,Chazz_Palminteri,Undirected,49,Kevin_Spacey,NA,1
Bill_Murray,Chris_Elliott,Undirected,50,Bill_Murray,NA,1
Tom_Hardy,Christian_Bale,Undirected,51,Tom_Hardy,NA,1
Leonardo_DiCaprio,Christoph_Waltz,Undirected,52,Leonardo_DiCaprio,NA,1
Humphrey_Bogart,Claude_Rains,Undirected,53,Humphrey_Bogart,NA,1
Pierre_Perrier,Clotilde_Hesme,Undirected,54,Pierre_Perrier,NA,1
David_Raizor,Cody_Howard,Undirected,55,David_Raizor,NA,1
Djimon_Hounsou,Connie_Nielsen,Undirected,56,Djimon_Hounsou,NA,1
Dorian_Missick,Daniella_Alonso,Undirected,57,Dorian_Missick,NA,1
Zack_Ward,Darren_McGavin,Undirected,58,Zack_Ward,NA,1
Michael_Nyqvist,David_Dencik,Undirected,59,Michael_Nyqvist,NA,1
Rita_Moreno,Debbie_Reynolds,Undirected,60,Rita_Moreno,NA,1
John_Ratzenberger,Delroy_Lindo,Undirected,61,John_Ratzenberger,NA,1
Campbell_Scott,Dick_Cheney,Undirected,62,Campbell_Scott,NA,1
Robert_De_Niro,Don_Rickles,Undirected,63,Robert_De_Niro,NA,1
Christopher_Judge,Don_S._Davis,Undirected,64,Christopher_Judge,NA,1
Matt_Damon,Donald_Glover,Undirected,65,Matt_Damon,NA,1
James_Coburn,Donald_Pleasence,Undirected,66,James_Coburn,NA,1
Clint_Eastwood,Dreama_Walker,Undirected,67,Clint_Eastwood,NA,1
Corbin_Bernsen,Dulé_Hill,Undirected,68,Corbin_Bernsen,NA,1
Ryan_Reynolds,Ed_Skrein,Undirected,69,Ryan_Reynolds,NA,1
Natalie_Portman,Eddie_Marsan,Undirected,70,Natalie_Portman,NA,1
Matt_Damon,Edgar_Ramírez,Undirected,71,Matt_Damon,NA,1
Liam_Neeson,Embeth_Davidtz,Undirected,72,Liam_Neeson,NA,1
Bruce_Willis,Eric_Stoltz,Undirected,73,Bruce_Willis,NA,1
Al_Pacino,F._Murray_Abraham,Undirected,74,Al_Pacino,NA,1
Jeffrey_Jones,F._Murray_Abraham,Undirected,75,Jeffrey_Jones,NA,1
Robert_Duvall,Faye_Dunaway,Undirected,76,Robert_Duvall,NA,1
Wagner_Moura,Fernanda_Machado,Undirected,77,Wagner_Moura,NA,1
Maria_Pia_Calzone,Fortunato_Cerlino,Undirected,78,Maria_Pia_Calzone,NA,1
Marshall_Bell,Frances_Lee_McCain,Undirected,79,Marshall_Bell,NA,1
Emilia_Fox,Frank_Finlay,Undirected,80,Emilia_Fox,NA,1
Tom_Hardy,Frank_Grillo,Undirected,81,Tom_Hardy,NA,1
John_Ratzenberger,Fred_Willard,Undirected,82,John_Ratzenberger,NA,1
Keir_Dullea,Gary_Lockwood,Undirected,83,Keir_Dullea,NA,1
Hattie_McDaniel,George_Reeves,Undirected,84,Hattie_McDaniel,NA,1
Matt_Damon,George_W._Bush,Undirected,85,Matt_Damon,NA,1
Yaphet_Kotto,Gloria_Foster,Undirected,86,Yaphet_Kotto,NA,1
Tobias_Menzies,Graham_McTavish,Undirected,87,Tobias_Menzies,NA,1
Tommy_Sheppard,Greg_Speirs,Undirected,88,Tommy_Sheppard,NA,1
Brigitte_Helm,Gustav_Fröhlich,Undirected,89,Brigitte_Helm,NA,1
Bruce_Willis,Haley_Joel_Osment,Undirected,90,Bruce_Willis,NA,1
Hanno_Pöschl,Hans_Weingartner,Undirected,91,Hanno_Pöschl,NA,1
Christian_Bale,Heath_Ledger,Undirected,92,Christian_Bale,NA,1
Anwar_Congo,Herman_Koto,Undirected,93,Anwar_Congo,NA,1
Christian_Bale,Hugh_Jackman,Undirected,94,Christian_Bale,NA,1
Harrison_Ford,Ian_McDiarmid,Undirected,95,Harrison_Ford,NA,1
Ruth_Wilson,Indira_Varma,Undirected,96,Ruth_Wilson,NA,1
Liv_Ullmann,Ingrid_Thulin,Undirected,97,Liv_Ullmann,NA,1
Ólafur_Darri_Ólafsson,Ingvar_Eggert_Sigurðsson,Undirected,98,Ólafur_Darri_Ólafsson,NA,1
Bob_Proctor,Jack_Canfield,Undirected,99,Bob_Proctor,NA,1
Joan_Allen,Jacob_Tremblay,Undirected,100,Joan_Allen,NA,1
Minnie_Driver,Jada_Pinkett_Smith,Undirected,101,Minnie_Driver,NA,1
Brighton_Sharbino,Jake_Busey,Undirected,102,Brighton_Sharbino,NA,1
Hugh_Jackman,Jake_Gyllenhaal,Undirected,103,Hugh_Jackman,NA,1
Mathieu_Kassovitz,Jamel_Debbouze,Undirected,104,Mathieu_Kassovitz,NA,1
Jason_Flemyng,James_Nesbitt,Undirected,105,Jason_Flemyng,NA,1
Shirley_Henderson,James_Norton,Undirected,106,Shirley_Henderson,NA,1
Billy_Crudup,Jamey_Sheridan,Undirected,107,Billy_Crudup,NA,1
David_Ogden_Stiers,Jamie_Farr,Undirected,108,David_Ogden_Stiers,NA,1
Francis_Capra,Jason_Dohring,Undirected,109,Francis_Capra,NA,1
Jason_Statham,Jason_Flemyng,Undirected,110,Jason_Statham,NA,1
Claude_Rains,Jean_Arthur,Undirected,111,Claude_Rains,NA,1
Philip_Seymour_Hoffman,Jeff_Bridges,Undirected,112,Philip_Seymour_Hoffman,NA,1
Morgan_Freeman,Jeffrey_DeMunn,Undirected,113,Morgan_Freeman,NA,1
Tom_Hanks,Jeffrey_DeMunn,Undirected,114,Tom_Hanks,NA,1
Joe_Morton,Jenette_Goldstein,Undirected,115,Joe_Morton,NA,1
Mary_Kate_Wiles,Jennifer_Landa,Undirected,116,Mary_Kate_Wiles,NA,1
Min-sik_Choi,Ji-tae_Yu,Undirected,117,Min-sik_Choi,NA,1
Joe_Cocker,Jimi_Hendrix,Undirected,118,Joe_Cocker,NA,1
Laurence_Olivier,Joan_Fontaine,Undirected,119,Laurence_Olivier,NA,1
Nehemiah_Persoff,Joe_E._Brown,Undirected,120,Nehemiah_Persoff,NA,1
Steve_Buscemi,John_Ratzenberger,Undirected,121,Steve_Buscemi,NA,1
Tom_Hanks,John_Ratzenberger,Undirected,122,Tom_Hanks,NA,2
Justin_Fletcher,John_Sparkes,Undirected,123,Justin_Fletcher,NA,1
Zack_Ward,Jonathan_Crombie,Undirected,124,Zack_Ward,NA,1
Adriana_Barraza,Jorge_Salinas,Undirected,125,Adriana_Barraza,NA,1
Claude_Rains,José_Ferrer,Undirected,126,Claude_Rains,NA,1
Dominic_Cooper,Joseph_Gilgun,Undirected,127,Dominic_Cooper,NA,1
Leonardo_DiCaprio,Joseph_Sikora,Undirected,128,Leonardo_DiCaprio,NA,1
Burl_Ives,Judith_Anderson,Undirected,129,Burl_Ives,NA,1
Harrison_Ford,Julian_Glover,Undirected,130,Harrison_Ford,NA,1
Rob_McElhenney,Kaitlin_Olson,Undirected,131,Rob_McElhenney,NA,1
Harrison_Ford,Karen_Allen,Undirected,132,Harrison_Ford,NA,1
Marlon_Brando,Karl_Malden,Undirected,133,Marlon_Brando,NA,1
Peter_Mensah,Kelvin_Taylor,Undirected,134,Peter_Mensah,NA,1
Harrison_Ford,Kenny_Baker,Undirected,135,Harrison_Ford,NA,1
Debi_Mazar,Kevin_Connolly,Undirected,136,Debi_Mazar,NA,1
Kate_Winslet,Kirsten_Dunst,Undirected,137,Kate_Winslet,NA,1
Peter_Dinklage,Lauren_Cohan,Undirected,138,Peter_Dinklage,NA,1
Jack_Warden,Lee_J._Cobb,Undirected,139,Jack_Warden,NA,1
Shahab_Hosseini,Leila_Hatami,Undirected,140,Shahab_Hosseini,NA,1
Ringo_Starr,Levon_Helm,Undirected,141,Ringo_Starr,NA,1
Christian_Bale,Liam_Neeson,Undirected,142,Christian_Bale,NA,1
Donna_Reed,Lionel_Barrymore,Undirected,143,Donna_Reed,NA,1
Gary_Cooper,Lloyd_Bridges,Undirected,144,Gary_Cooper,NA,1
Belén_Rueda,Lola_Dueñas,Undirected,145,Belén_Rueda,NA,1
Clint_Eastwood,Luigi_Pistilli,Undirected,146,Clint_Eastwood,NA,1
Kimberley_Crossman,Luke_Edwards,Undirected,147,Kimberley_Crossman,NA,1
Lubna_Azabal,Mélissa_Désormeaux-Poulin,Undirected,148,Lubna_Azabal,NA,1
Keanu_Reeves,Marcus_Chong,Undirected,149,Keanu_Reeves,NA,1
Ivana_Baquero,Maribel_Verdú,Undirected,150,Ivana_Baquero,NA,1
Ellen_Burstyn,Mark_Margolis,Undirected,151,Ellen_Burstyn,NA,1
Michael_Emerson,Mark_Valley,Undirected,152,Michael_Emerson,NA,1
Al_Pacino,Marlon_Brando,Undirected,153,Al_Pacino,NA,1
Harrison_Ford,Marlon_Brando,Undirected,154,Harrison_Ford,NA,1
Jürgen_Prochnow,Martin_Semmelrogge,Undirected,155,Jürgen_Prochnow,NA,1
Jake_Gyllenhaal,Mary_McDonnell,Undirected,156,Jake_Gyllenhaal,NA,1
Leonardo_DiCaprio,Matt_Damon,Undirected,157,Leonardo_DiCaprio,NA,1
Robin_Williams,Matt_Damon,Undirected,158,Robin_Williams,NA,1
Kevin_Spacey,Matt_McCoy,Undirected,159,Kevin_Spacey,NA,1
Leonardo_DiCaprio,Matthew_McConaughey,Undirected,160,Leonardo_DiCaprio,NA,1
Brad_Pitt,Meat_Loaf,Undirected,161,Brad_Pitt,NA,1
J.K._Simmons,Melissa_Benoist,Undirected,162,J.K._Simmons,NA,1
Robert_De_Niro,Meryl_Streep,Undirected,163,Robert_De_Niro,NA,1
Scatman_Crothers,Michael_Berryman,Undirected,164,Scatman_Crothers,NA,1
Eric_Idle,Michael_Palin,Undirected,165,Eric_Idle,NA,1
Robert_De_Niro,Mike_Starr,Undirected,166,Robert_De_Niro,NA,1
Amy_Poehler,Mindy_Kaling,Undirected,167,Amy_Poehler,NA,1
Takashi_Shimura,Minoru_Chiaki,Undirected,168,Takashi_Shimura,NA,1
Maximilian_Schell,Montgomery_Clift,Undirected,169,Maximilian_Schell,NA,1
Clint_Eastwood,Morgan_Freeman,Undirected,170,Clint_Eastwood,NA,2
Matthew_Broderick,Nathan_Lane,Undirected,171,Matthew_Broderick,NA,1
Natascha_McElhone,Noah_Emmerich,Undirected,172,Natascha_McElhone,NA,1
Krystyna_Janda,Olaf_Lubaszenko,Undirected,173,Krystyna_Janda,NA,2
Chris_Hemsworth,Olivia_Wilde,Undirected,174,Chris_Hemsworth,NA,1
Christopher_Lee,Orlando_Bloom,Undirected,175,Christopher_Lee,NA,2
Johnny_Depp,Orlando_Bloom,Undirected,176,Johnny_Depp,NA,1
Ulrich_Thomsen,Paprika_Steen,Undirected,177,Ulrich_Thomsen,NA,1
Noam_Chomsky,Pat_Buchanan,Undirected,178,Noam_Chomsky,NA,1
Mhairi_Calvey,Patrick_McGoohan,Undirected,179,Mhairi_Calvey,NA,1
Jim_Meskimen,Paul_F._Tompkins,Undirected,180,Jim_Meskimen,NA,1
Harrison_Ford,Peter_Cushing,Undirected,181,Harrison_Ford,NA,1
Kevin_Spacey,Peter_Gallagher,Undirected,182,Kevin_Spacey,NA,1
Rosario_Dawson,Powers_Boothe,Undirected,183,Rosario_Dawson,NA,1
Fred_MacMurray,Ray_Walston,Undirected,184,Fred_MacMurray,NA,1
John_Gilbert,Renée_Adorée,Undirected,185,John_Gilbert,NA,1
Wilford_Brimley,Richard_Masur,Undirected,186,Wilford_Brimley,NA,1
Chris_Hemsworth,Robert_Downey_Jr.,Undirected,187,Chris_Hemsworth,NA,1
Eileen_Brennan,Robert_Shaw,Undirected,188,Eileen_Brennan,NA,1
Oliver_Reed,Rod_Steiger,Undirected,189,Oliver_Reed,NA,1
Brendon_Small,Ron_Lynch,Undirected,190,Brendon_Small,NA,1
Benedict_Cumberbatch,Rory_Kinnear,Undirected,191,Benedict_Cumberbatch,NA,1
Elden_Henson,Royce_Johnson,Undirected,192,Elden_Henson,NA,1
Bunta_Sugawara,Ryûnosuke_Kamiki,Undirected,193,Bunta_Sugawara,NA,1
Nimrat_Kaur,Sameer_Ali_Khan,Undirected,194,Nimrat_Kaur,NA,1
Vidya_Balan,Sanjay_Dutt,Undirected,195,Vidya_Balan,NA,1
Cary-Hiroyuki_Tagawa,Sarah_Roemer,Undirected,196,Cary-Hiroyuki_Tagawa,NA,1
Robert_Downey_Jr.,Scarlett_Johansson,Undirected,197,Robert_Downey_Jr.,NA,1
Quvenzhané_Wallis,Scoot_McNairy,Undirected,198,Quvenzhané_Wallis,NA,1
Anthony_Hopkins,Scott_Glenn,Undirected,199,Anthony_Hopkins,NA,1
Caroline_Dhavernas,Scott_Thompson,Undirected,200,Caroline_Dhavernas,NA,1
Harrison_Ford,Sean_Young,Undirected,201,Harrison_Ford,NA,1
Patrick_Fugit,Sela_Ward,Undirected,202,Patrick_Fugit,NA,1
William_Holden,Sessue_Hayakawa,Undirected,203,William_Holden,NA,1
Noam_Chomsky,Seth_Ackerman,Undirected,204,Noam_Chomsky,NA,1
Alice_Braga,Seu_Jorge,Undirected,205,Alice_Braga,NA,1
Scatman_Crothers,Shelley_Duvall,Undirected,206,Scatman_Crothers,NA,1
Mark_Chinnery,Shin'ya_Tsukamoto,Undirected,207,Mark_Chinnery,NA,1
Kelly_Macdonald,Shirley_Henderson,Undirected,208,Kelly_Macdonald,NA,1
Tom_Hanks,Siobhan_Fallon_Hogan,Undirected,209,Tom_Hanks,NA,1
George_C._Scott,Slim_Pickens,Undirected,210,George_C._Scott,NA,1
Ricardo_Darín,Soledad_Villamil,Undirected,211,Ricardo_Darín,NA,1
Don_Cheadle,Sophie_Okonedo,Undirected,212,Don_Cheadle,NA,1
Abigail_Evans,Stacie_Evans,Undirected,213,Abigail_Evans,NA,1
Paulette_Goddard,Stanley_Blystone,Undirected,214,Paulette_Goddard,NA,1
Jean-Louis_Trintignant,Stefania_Sandrelli,Undirected,215,Jean-Louis_Trintignant,NA,1
Alexander_Gould,Stephen_Root,Undirected,216,Alexander_Gould,NA,1
Kelly_Macdonald,Stephen_Root,Undirected,217,Kelly_Macdonald,NA,1
Quentin_Tarantino,Steve_Buscemi,Undirected,218,Quentin_Tarantino,NA,1
Ryan_O'Neal,Steven_Berkoff,Undirected,219,Ryan_O'Neal,NA,1
Anupam_Kher,Steven_Mackintosh,Undirected,220,Anupam_Kher,NA,1
Hanne_Aagesen,Sylvia_Eckhausen,Undirected,221,Hanne_Aagesen,NA,1
Matthew_Ziff,T.J._Storm,Undirected,222,Matthew_Ziff,NA,1
Mitsuo_Iwata,Takeshi_Kusao,Undirected,223,Mitsuo_Iwata,NA,1
Katharine_Ross,Ted_Cassidy,Undirected,224,Katharine_Ross,NA,1
Myrna_Loy,Teresa_Wright,Undirected,225,Myrna_Loy,NA,1
Margaret_Hamilton,Terry,Undirected,226,Margaret_Hamilton,NA,1
Bono,The_Edge,Undirected,227,Bono,NA,1
Lea_Thompson,Thomas_F._Wilson,Undirected,228,Lea_Thompson,NA,1
Callum_Rennie,Thomas_Lennon,Undirected,229,Callum_Rennie,NA,1
Johnny_Depp,Tom_Berenger,Undirected,230,Johnny_Depp,NA,1
Leonardo_DiCaprio,Tom_Hardy,Undirected,231,Leonardo_DiCaprio,NA,2
Bill_Murray,Tom_Wilkinson,Undirected,232,Bill_Murray,NA,1
Steven_Van_Zandt,Trond_Fausa,Undirected,233,Steven_Van_Zandt,NA,1
Jim_Broadbent,Tuppence_Middleton,Undirected,234,Jim_Broadbent,NA,1
Sebastian_Koch,Ulrich_Mühe,Undirected,235,Sebastian_Koch,NA,1
Janet_Leigh,Vera_Miles,Undirected,236,Janet_Leigh,NA,1
Bradley_Cooper,Vin_Diesel,Undirected,237,Bradley_Cooper,NA,1
Tom_Hanks,Vin_Diesel,Undirected,238,Tom_Hanks,NA,1
David_Carradine,Vivica_A._Fox,Undirected,239,David_Carradine,NA,1
Kristen_Stewart,William_Hurt,Undirected,240,Kristen_Stewart,NA,1
Claudia_Cardinale,Woody_Strode,Undirected,241,Claudia_Cardinale,NA,1
Lee_Marvin,Woody_Strode,Undirected,242,Lee_Marvin,NA,1
Tom_Skerritt,Yaphet_Kotto,Undirected,243,Tom_Skerritt,NA,1
Lubna_Azabal,Ahmad_Massad,Undirected,244,Lubna_Azabal,NA,1
Clint_Eastwood,Ahney_Her,Undirected,245,Clint_Eastwood,NA,1
Khalid_Abdalla,Aida_Elkashef,Undirected,246,Khalid_Abdalla,NA,1
Matt_Damon,Albert_Finney,Undirected,247,Matt_Damon,NA,1
Chris_Hemsworth,Alexandra_Maria_Lara,Undirected,248,Chris_Hemsworth,NA,1
Thomas_Kretschmann,Alexandra_Maria_Lara,Undirected,249,Thomas_Kretschmann,NA,1
Alice_Braga,Alexandre_Rodrigues,Undirected,250,Alice_Braga,NA,1
Harrison_Ford,Alison_Doody,Undirected,251,Harrison_Ford,NA,1
Benedict_Cumberbatch,Allen_Leech,Undirected,252,Benedict_Cumberbatch,NA,1
Wagner_Moura,André_Ramiro,Undirected,253,Wagner_Moura,NA,1
Robin_Wright,André_the_Giant,Undirected,254,Robin_Wright,NA,1
Harrison_Ford,Anthony_Daniels,Undirected,255,Harrison_Ford,NA,1
Anthony_Hopkins,Anthony_Heald,Undirected,256,Anthony_Hopkins,NA,1
Kevin_Spacey,Ara_Celi,Undirected,257,Kevin_Spacey,NA,1
Noam_Chomsky,Arik_Ascherman,Undirected,258,Noam_Chomsky,NA,1
Leonardo_DiCaprio,Ato_Essandoh,Undirected,259,Leonardo_DiCaprio,NA,1
Mark_Chinnery,Atsuko_Maeda,Undirected,260,Mark_Chinnery,NA,1
Matt_Damon,Barney_Frank,Undirected,261,Matt_Damon,NA,1
Kelly_Macdonald,Barry_Corbin,Undirected,262,Kelly_Macdonald,NA,1
Matt_Damon,Benedict_Wong,Undirected,263,Matt_Damon,NA,1
Orlando_Bloom,Bernard_Hill,Undirected,264,Orlando_Bloom,NA,1
Noam_Chomsky,Bill_Baird,Undirected,265,Noam_Chomsky,NA,1
Margaret_Hamilton,Billie_Burke,Undirected,266,Margaret_Hamilton,NA,1
Christopher_Lee,Billy_Boyd,Undirected,267,Christopher_Lee,NA,2
Minnie_Driver,Billy_Crudup,Undirected,268,Minnie_Driver,NA,1
Ólafur_Darri_Ólafsson,Björn_Hlynur_Haraldsson,Undirected,269,Ólafur_Darri_Ólafsson,NA,1
Ringo_Starr,Bob_Dylan,Undirected,270,Ringo_Starr,NA,1
Morgan_Freeman,Bob_Gunton,Undirected,271,Morgan_Freeman,NA,1
Wayne_Knight,Bob_Peck,Undirected,272,Wayne_Knight,NA,1
Tom_Skerritt,Bolaji_Badejo,Undirected,273,Tom_Skerritt,NA,1
Alexander_Gould,Brad_Garrett,Undirected,274,Alexander_Gould,NA,1
Kimberley_Crossman,Bree_Williamson,Undirected,275,Kimberley_Crossman,NA,1
Billy_Crudup,Brian_d'Arcy_James,Undirected,276,Billy_Crudup,NA,1
Pierre_Perrier,Céline_Sallette,Undirected,277,Pierre_Perrier,NA,1
Sylvester_Stallone,Carl_Weathers,Undirected,278,Sylvester_Stallone,NA,1
Liam_Neeson,Caroline_Goodall,Undirected,279,Liam_Neeson,NA,1
Joan_Allen,Cas_Anvar,Undirected,280,Joan_Allen,NA,1
Marshall_Bell,Casey_Siemaszko,Undirected,281,Marshall_Bell,NA,1
Elden_Henson,Charlie_Cox,Undirected,282,Elden_Henson,NA,1
David_Carradine,Chiaki_Kuriyama,Undirected,283,David_Carradine,NA,1
Robert_Downey_Jr.,Chris_Evans,Undirected,284,Robert_Downey_Jr.,NA,1
J.K._Simmons,Chris_Mulkey,Undirected,285,J.K._Simmons,NA,1
Quentin_Tarantino,Chris_Penn,Undirected,286,Quentin_Tarantino,NA,1
Michael_Fassbender,Christoph_Waltz,Undirected,287,Michael_Fassbender,NA,1
Peter_Robbins,Christopher_Shea,Undirected,288,Peter_Robbins,NA,1
John_Gilbert,Claire_Adams,Undirected,289,John_Gilbert,NA,1
Humphrey_Bogart,Conrad_Veidt,Undirected,290,Humphrey_Bogart,NA,1
Gerard_Butler,Craig_Ferguson,Undirected,291,Gerard_Butler,NA,1
Rita_Moreno,Cyd_Charisse,Undirected,292,Rita_Moreno,NA,1
Adam_Arkin,Damian_Lewis,Undirected,293,Adam_Arkin,NA,1
Myrna_Loy,Dana_Andrews,Undirected,294,Myrna_Loy,NA,1
Wilford_Brimley,David_Clennon,Undirected,295,Wilford_Brimley,NA,1
Fred_MacMurray,David_White,Undirected,296,Fred_MacMurray,NA,1
Anthony_Hopkins,Dexter_Fletcher,Undirected,297,Anthony_Hopkins,NA,1
Jason_Statham,Dexter_Fletcher,Undirected,298,Jason_Statham,NA,1
Bradley_Cooper,Djimon_Hounsou,Undirected,299,Bradley_Cooper,NA,1
Hanno_Pöschl,Dominik_Castell,Undirected,300,Hanno_Pöschl,NA,1
Jean-Louis_Trintignant,Dominique_Sanda,Undirected,301,Jean-Louis_Trintignant,NA,1
Tom_Hanks,Don_Rickles,Undirected,302,Tom_Hanks,NA,1
Campbell_Scott,Donald_Rumsfeld,Undirected,303,Campbell_Scott,NA,1
Min-sik_Choi,Dong-gun_Jang,Undirected,304,Min-sik_Choi,NA,1
Hugh_Jackman,Dylan_Minnette,Undirected,305,Hugh_Jackman,NA,1
Emilia_Fox,Ed_Stoppard,Undirected,306,Emilia_Fox,NA,1
Hanne_Aagesen,Ejner_Federspiel,Undirected,307,Hanne_Aagesen,NA,1
Sally_Kirkland,Elaine_Bromka,Undirected,308,Sally_Kirkland,NA,1
Dorian_Missick,Ellen_Barkin,Undirected,309,Dorian_Missick,NA,1
Abigail_Evans,Emily_Gorell,Undirected,310,Abigail_Evans,NA,1
Patrick_Fugit,Emily_Ratajkowski,Undirected,311,Patrick_Fugit,NA,1
Sarah_Michelle_Gellar,Emma_Caulfield,Undirected,312,Sarah_Michelle_Gellar,NA,1
Francis_Capra,Enrico_Colantoni,Undirected,313,Francis_Capra,NA,1
Clint_Eastwood,Enzo_Petito,Undirected,314,Clint_Eastwood,NA,1
Bob_Proctor,Eric_Worre,Undirected,315,Bob_Proctor,NA,1
Peter_Dinklage,Erick_Avari,Undirected,316,Peter_Dinklage,NA,1
Liv_Ullmann,Erland_Josephson,Undirected,317,Liv_Ullmann,NA,1
Brad_Pitt,Eugenie_Bondurant,Undirected,318,Brad_Pitt,NA,1
Kelly_Macdonald,Ewen_Bremner,Undirected,319,Kelly_Macdonald,NA,1
Bill_Murray,F._Murray_Abraham,Undirected,320,Bill_Murray,NA,1
Mary_Kate_Wiles,Felix_Avitia,Undirected,321,Mary_Kate_Wiles,NA,1
Clint_Eastwood,Frances_Fisher,Undirected,322,Clint_Eastwood,NA,1
Jason_Flemyng,Frances_O'Connor,Undirected,323,Jason_Flemyng,NA,1
Robert_De_Niro,Frank_Vincent,Undirected,324,Robert_De_Niro,NA,1
Paulette_Goddard,Fred_Malatesta,Undirected,325,Paulette_Goddard,NA,1
Christopher_Judge,Gary_Jones,Undirected,326,Christopher_Judge,NA,1
Nehemiah_Persoff,George_Raft,Undirected,327,Nehemiah_Persoff,NA,1
Laurence_Olivier,George_Sanders,Undirected,328,Laurence_Olivier,NA,1
Keir_Dullea,Glenn_Beck,Undirected,329,Keir_Dullea,NA,1
Rob_McElhenney,Glenn_Howerton,Undirected,330,Rob_McElhenney,NA,1
Keanu_Reeves,Gloria_Foster,Undirected,331,Keanu_Reeves,NA,1
James_Coburn,Gordon_Jackson,Undirected,332,James_Coburn,NA,1
Adriana_Barraza,Goya_Toledo,Undirected,333,Adriana_Barraza,NA,1
Michael_Emerson,Grey_Griffin,Undirected,334,Michael_Emerson,NA,1
Ricardo_Darín,Guillermo_Francella,Undirected,335,Ricardo_Darín,NA,1
Don_Cheadle,Hakeem_Kae-Kazim,Undirected,336,Don_Cheadle,NA,1
Kristen_Stewart,Hal_Holbrook,Undirected,337,Kristen_Stewart,NA,1
Thomas_Bo_Larsen,Hana_Shuan,Undirected,338,Thomas_Bo_Larsen,NA,1
Ryan_O'Neal,Hardy_Krüger,Undirected,339,Ryan_O'Neal,NA,1
Jürgen_Prochnow,Herbert_Grönemeyer,Undirected,340,Jürgen_Prochnow,NA,1
Caroline_Dhavernas,Hettienne_Park,Undirected,341,Caroline_Dhavernas,NA,1
Min-sik_Choi,Hye-jeong_Kang,Undirected,342,Min-sik_Choi,NA,1
Mathieu_Kassovitz,Isabelle_Nanty,Undirected,343,Mathieu_Kassovitz,NA,1
William_Gates,Isiah_Thomas,Undirected,344,William_Gates,NA,1
Yaphet_Kotto,Ivan_Dixon,Undirected,345,Yaphet_Kotto,NA,1
Lea_Thompson,J.J._Cohen,Undirected,346,Lea_Thompson,NA,1
Burl_Ives,Jack_Carson,Undirected,347,Burl_Ives,NA,1
Johnny_Depp,Jack_Davenport,Undirected,348,Johnny_Depp,NA,1
Claudia_Cardinale,Jack_Elam,Undirected,349,Claudia_Cardinale,NA,1
Claude_Rains,Jack_Hawkins,Undirected,350,Claude_Rains,NA,1
William_Holden,Jack_Hawkins,Undirected,351,William_Holden,NA,1
Simon_Bird,James_Buckley,Undirected,352,Simon_Bird,NA,1
Steve_Buscemi,James_Coburn,Undirected,353,Steve_Buscemi,NA,1
Jake_Gyllenhaal,James_Duval,Undirected,354,Jake_Gyllenhaal,NA,1
Mhairi_Calvey,James_Robinson,Undirected,355,Mhairi_Calvey,NA,1
Rosario_Dawson,Jason_Douglas,Undirected,356,Rosario_Dawson,NA,1
Jason_Statham,Jason_Flemyng,Undirected,357,Jason_Statham,NA,1
Christian_Bale,Jean_Simmons,Undirected,358,Christian_Bale,NA,1
John_Ratzenberger,Jeff_Garlin,Undirected,359,John_Ratzenberger,NA,1
Michael_Biehn,Jenette_Goldstein,Undirected,360,Michael_Biehn,NA,1
John_Ratzenberger,Jess_Harnell,Undirected,361,John_Ratzenberger,NA,1
Tom_Hanks,Jim_Varney,Undirected,362,Tom_Hanks,NA,1
Vidya_Balan,Jimmy_Shergill,Undirected,363,Vidya_Balan,NA,1
Cary-Hiroyuki_Tagawa,Joan_Allen,Undirected,364,Cary-Hiroyuki_Tagawa,NA,1
Joe_Cocker,Joan_Baez,Undirected,365,Joe_Cocker,NA,1
Martin_Short,Joe_Flaherty,Undirected,366,Martin_Short,NA,1
Nicholas_Aaron,Joe_Simpson,Undirected,367,Nicholas_Aaron,NA,1
Scatman_Crothers,Joe_Turkel,Undirected,368,Scatman_Crothers,NA,1
Jack_Warden,John_Fiedler,Undirected,369,Jack_Warden,NA,1
Janet_Leigh,John_Gavin,Undirected,370,Janet_Leigh,NA,1
Candice_Bergen,John_Gielgud,Undirected,371,Candice_Bergen,NA,1
Oliver_Reed,John_Gielgud,Undirected,372,Oliver_Reed,NA,1
Robert_De_Niro,John_Savage,Undirected,373,Robert_De_Niro,NA,1
Leonardo_DiCaprio,Jon_Favreau,Undirected,374,Leonardo_DiCaprio,NA,1
Callum_Rennie,Jorja_Fox,Undirected,375,Callum_Rennie,NA,1
Leonardo_DiCaprio,Joseph_Gordon-Levitt,Undirected,376,Leonardo_DiCaprio,NA,1
Tom_Hardy,Joseph_Gordon-Levitt,Undirected,377,Tom_Hardy,NA,1
Jackie_Gleason,Joyce_Randolph,Undirected,378,Jackie_Gleason,NA,1
Adam_Goldberg,Judd_Hirsch,Undirected,379,Adam_Goldberg,NA,1
Takashi_Shimura,Kamatari_Fujiwara,Undirected,380,Takashi_Shimura,NA,1
Justin_Fletcher,Kate_Harbour,Undirected,381,Justin_Fletcher,NA,1
George_C._Scott,Keenan_Wynn,Undirected,382,George_C._Scott,NA,1
Katharine_Ross,Kenneth_Mars,Undirected,383,Katharine_Ross,NA,1
Harrison_Ford,Kenny_Baker,Undirected,384,Harrison_Ford,NA,2
Jim_Meskimen,Kevin_Breznahan,Undirected,385,Jim_Meskimen,NA,1
Debi_Mazar,Kevin_Dillon,Undirected,386,Debi_Mazar,NA,1
Johnny_Depp,Kevin_Dillon,Undirected,387,Johnny_Depp,NA,1
Tom_Hardy,Kevin_Dunn,Undirected,388,Tom_Hardy,NA,1
Kevin_Spacey,Kevin_Pollak,Undirected,389,Kevin_Spacey,NA,1
Robert_De_Niro,Kevin_Pollak,Undirected,390,Robert_De_Niro,NA,1
Bono,Larry_Mullen_Jr.,Undirected,391,Bono,NA,1
Michael_Nyqvist,Lena_Endre,Undirected,392,Michael_Nyqvist,NA,1
Jim_Broadbent,Lily_James,Undirected,393,Jim_Broadbent,NA,1
Gary_Cooper,Lon_Chaney_Jr.,Undirected,394,Gary_Cooper,NA,1
Scatman_Crothers,Louise_Fletcher,Undirected,395,Scatman_Crothers,NA,1
Ellen_Burstyn,Louise_Lasser,Undirected,396,Ellen_Burstyn,NA,1
Leonardo_DiCaprio,Lukas_Haas,Undirected,397,Leonardo_DiCaprio,NA,1
Harrison_Ford,M._Emmet_Walsh,Undirected,398,Harrison_Ford,NA,1
Matthew_McConaughey,Mackenzie_Foy,Undirected,399,Matthew_McConaughey,NA,1
Anupam_Kher,Madhavan,Undirected,400,Anupam_Kher,NA,1
Maria_Pia_Calzone,Marco_D'Amore,Undirected,401,Maria_Pia_Calzone,NA,1
Stephen_Colbert,Maria_Thayer,Undirected,402,Stephen_Colbert,NA,1
David_Raizor,Martin_Kove,Undirected,403,David_Raizor,NA,1
Sebastian_Koch,Martina_Gedeck,Undirected,404,Sebastian_Koch,NA,1
Al_Pacino,Mary_Elizabeth_Mastrantonio,Undirected,405,Al_Pacino,NA,1
Tom_Hanks,Matt_Damon,Undirected,406,Tom_Hanks,NA,1
Zack_Ward,Megan_Follows,Undirected,407,Zack_Ward,NA,1
Brendon_Small,Melissa_Bardin_Galsky,Undirected,408,Brendon_Small,NA,1
Tom_Hanks,Michael_Jeter,Undirected,409,Tom_Hanks,NA,1
Tommy_Sheppard,Mickey_Hart,Undirected,410,Tommy_Sheppard,NA,1
Clint_Eastwood,Mike_Colter,Undirected,411,Clint_Eastwood,NA,1
David_Ogden_Stiers,Mike_Farrell,Undirected,412,David_Ogden_Stiers,NA,1
Emma_Stone,Mike_Vogel,Undirected,413,Emma_Stone,NA,1
Robin_Williams,Minnie_Driver,Undirected,414,Robin_Williams,NA,1
Elina_Abai_Kyzy,Mirlan_Abdulayev,Undirected,415,Elina_Abai_Kyzy,NA,1
Bunta_Sugawara,Miyu_Irino,Undirected,416,Bunta_Sugawara,NA,1
Bahare_Seddiqi,Mohammad_Amir_Naji,Undirected,417,Bahare_Seddiqi,NA,1
Christian_Bale,Morgan_Freeman,Undirected,418,Christian_Bale,NA,2
Donatas_Banionis,Natalya_Bondarchuk,Undirected,419,Donatas_Banionis,NA,1
John_F._Kennedy,Neil_Armstrong,Undirected,420,John_F._Kennedy,NA,1
Leonardo_DiCaprio,Nellie_Sciutto,Undirected,421,Leonardo_DiCaprio,NA,1
Matthew_Broderick,Niketa_Calame,Undirected,422,Matthew_Broderick,NA,1
Krystyna_Janda,Olgierd_Lukaszewicz,Undirected,423,Krystyna_Janda,NA,2
Kirsten_Dunst,Oliver_Platt,Undirected,424,Kirsten_Dunst,NA,1
Djimon_Hounsou,Oliver_Reed,Undirected,425,Djimon_Hounsou,NA,1
Bruce_Willis,Olivia_Williams,Undirected,426,Bruce_Willis,NA,1
Kevin_Spacey,Paul_Guilfoyle,Undirected,427,Kevin_Spacey,NA,1
Robert_De_Niro,Paul_Sorvino,Undirected,428,Robert_De_Niro,NA,1
Michael_Biehn,Paul_Winfield,Undirected,429,Michael_Biehn,NA,1
Robert_De_Niro,Peter_Boyle,Undirected,430,Robert_De_Niro,NA,1
Natascha_McElhone,Peter_Krause,Undirected,431,Natascha_McElhone,NA,1
Shahab_Hosseini,Peyman_Moaadi,Undirected,432,Shahab_Hosseini,NA,1
Bruce_Willis,Phil_LaMarr,Undirected,433,Bruce_Willis,NA,1
Amy_Poehler,Phyllis_Smith,Undirected,434,Amy_Poehler,NA,1
Tamannaah_Bhatia,Prabhas,Undirected,435,Tamannaah_Bhatia,NA,1
Nimrat_Kaur,Purab_Kohli,Undirected,436,Nimrat_Kaur,NA,1
Collin_Alfredo_St._Dic,Puti_Sri_Candra_Dewi,Undirected,437,Collin_Alfredo_St._Dic,NA,1
Eileen_Brennan,Ray_Walston,Undirected,438,Eileen_Brennan,NA,1
Leonardo_DiCaprio,Ray_Winstone,Undirected,439,Leonardo_DiCaprio,NA,1
Morgan_Freeman,Reg_E._Cathey,Undirected,440,Morgan_Freeman,NA,1
Alan_Rickman,Reginald_VelJohnson,Undirected,441,Alan_Rickman,NA,1
Al_Pacino,Robert_Duvall,Undirected,442,Al_Pacino,NA,1
Harrison_Ford,Robert_Duvall,Undirected,443,Harrison_Ford,NA,1
Robert_De_Niro,Robert_Duvall,Undirected,444,Robert_De_Niro,NA,1
Marlon_Brando,Rod_Steiger,Undirected,445,Marlon_Brando,NA,1
Brigitte_Helm,Rudolf_Klein-Rogge,Undirected,446,Brigitte_Helm,NA,1
Romola_Garai,Rupert_Evans,Undirected,447,Romola_Garai,NA,1
Natalie_Portman,Rupert_Graves,Undirected,448,Natalie_Portman,NA,1
Dominic_Cooper,Ruth_Negga,Undirected,449,Dominic_Cooper,NA,1
Joe_Morton,S._Epatha_Merkerson,Undirected,450,Joe_Morton,NA,1
Tom_Hanks,Sam_Anderson,Undirected,451,Tom_Hanks,NA,1
Matthew_Ziff,Sam_Medina,Undirected,452,Matthew_Ziff,NA,1
Shirley_Henderson,Sarah_Lancashire,Undirected,453,Shirley_Henderson,NA,1
Chris_Hemsworth,Scarlett_Johansson,Undirected,454,Chris_Hemsworth,NA,1
Christian_Bale,Scarlett_Johansson,Undirected,455,Christian_Bale,NA,1
Zach_Gilford,Scott_Porter,Undirected,456,Zach_Gilford,NA,1
Zack_Ward,Scott_Schwartz,Undirected,457,Zack_Ward,NA,1
Ivana_Baquero,Sergi_López,Undirected,458,Ivana_Baquero,NA,1
Woody_Allen,Shelley_Duvall,Undirected,459,Woody_Allen,NA,1
Maximilian_Schell,Spencer_Tracy,Undirected,460,Maximilian_Schell,NA,1
Ethan_Suplee,Stacy_Keach,Undirected,461,Ethan_Suplee,NA,1
Ryan_Reynolds,Stefan_Kapicic,Undirected,462,Ryan_Reynolds,NA,1
Tobias_Menzies,Stephen_Walters,Undirected,463,Tobias_Menzies,NA,1
Philip_Seymour_Hoffman,Steve_Buscemi,Undirected,464,Philip_Seymour_Hoffman,NA,1
Anwar_Congo,Syamsul_Arifin,Undirected,465,Anwar_Congo,NA,1
Belén_Rueda,Tamar_Novas,Undirected,466,Belén_Rueda,NA,1
Quvenzhané_Wallis,Taran_Killam,Undirected,467,Quvenzhané_Wallis,NA,1
Eric_Idle,Terry_Jones,Undirected,468,Eric_Idle,NA,1
Mitsuo_Iwata,Tesshô_Genda,Undirected,469,Mitsuo_Iwata,NA,1
Claude_Rains,Thomas_Mitchell,Undirected,470,Claude_Rains,NA,1
Donna_Reed,Thomas_Mitchell,Undirected,471,Donna_Reed,NA,1
Hattie_McDaniel,Thomas_Mitchell,Undirected,472,Hattie_McDaniel,NA,1
Brighton_Sharbino,Tim_Guinee,Undirected,473,Brighton_Sharbino,NA,1
Corbin_Bernsen,Timothy_Omundson,Undirected,474,Corbin_Bernsen,NA,1
Jeffrey_Jones,Tom_Hulce,Undirected,475,Jeffrey_Jones,NA,1
Kate_Winslet,Tom_Wilkinson,Undirected,476,Kate_Winslet,NA,1
Steven_Van_Zandt,Tommy_Karlsen,Undirected,477,Steven_Van_Zandt,NA,1
Robert_De_Niro,Treat_Williams,Undirected,478,Robert_De_Niro,NA,1
Ulrich_Thomsen,Trine_Dyrholm,Undirected,479,Ulrich_Thomsen,NA,1
Lee_Marvin,Vera_Miles,Undirected,480,Lee_Marvin,NA,1
Peter_Mensah,Viva_Bianca,Undirected,481,Peter_Mensah,NA,1
Claudette_Colbert,Walter_Connolly,Undirected,482,Claudette_Colbert,NA,1
Ruth_Wilson,Warren_Brown,Undirected,483,Ruth_Wilson,NA,1
Robert_Duvall,William_Holden,Undirected,484,Robert_Duvall,NA,1
Harrison_Ford,William_Hootkins,Undirected,485,Harrison_Ford,NA,1
Robert_Duvall,William_Windom,Undirected,486,Robert_Duvall,NA,1
Bill_Murray,Willie_Garson,Undirected,487,Bill_Murray,NA,1
Tom_Hardy,Zoë_Kravitz,Undirected,488,Tom_Hardy,NA,1
Mélissa_Désormeaux-Poulin,Ahmad_Massad,Undirected,489,Mélissa_Désormeaux-Poulin,NA,1
Dreama_Walker,Ahney_Her,Undirected,490,Dreama_Walker,NA,1
Ahmed_Hassan,Aida_Elkashef,Undirected,491,Ahmed_Hassan,NA,1
Edgar_Ramírez,Albert_Finney,Undirected,492,Edgar_Ramírez,NA,1
Bruno_Ganz,Alexandra_Maria_Lara,Undirected,493,Bruno_Ganz,NA,1
Olivia_Wilde,Alexandra_Maria_Lara,Undirected,494,Olivia_Wilde,NA,1
Seu_Jorge,Alexandre_Rodrigues,Undirected,495,Seu_Jorge,NA,1
Julian_Glover,Alison_Doody,Undirected,496,Julian_Glover,NA,1
Rory_Kinnear,Allen_Leech,Undirected,497,Rory_Kinnear,NA,1
Fernanda_Machado,André_Ramiro,Undirected,498,Fernanda_Machado,NA,1
Carol_Kane,André_the_Giant,Undirected,499,Carol_Kane,NA,1
Kenny_Baker,Anthony_Daniels,Undirected,500,Kenny_Baker,NA,1
Scott_Glenn,Anthony_Heald,Undirected,501,Scott_Glenn,NA,1
Peter_Gallagher,Ara_Celi,Undirected,502,Peter_Gallagher,NA,1
Seth_Ackerman,Arik_Ascherman,Undirected,503,Seth_Ackerman,NA,1
Christoph_Waltz,Ato_Essandoh,Undirected,504,Christoph_Waltz,NA,1
Shin'ya_Tsukamoto,Atsuko_Maeda,Undirected,505,Shin'ya_Tsukamoto,NA,1
George_W._Bush,Barney_Frank,Undirected,506,George_W._Bush,NA,1
Stephen_Root,Barry_Corbin,Undirected,507,Stephen_Root,NA,1
Donald_Glover,Benedict_Wong,Undirected,508,Donald_Glover,NA,1
Billy_Boyd,Bernard_Hill,Undirected,509,Billy_Boyd,NA,1
Pat_Buchanan,Bill_Baird,Undirected,510,Pat_Buchanan,NA,1
Terry,Billie_Burke,Undirected,511,Terry,NA,1
Orlando_Bloom,Billy_Boyd,Undirected,512,Orlando_Bloom,NA,2
Jada_Pinkett_Smith,Billy_Crudup,Undirected,513,Jada_Pinkett_Smith,NA,1
Ingvar_Eggert_Sigurðsson,Björn_Hlynur_Haraldsson,Undirected,514,Ingvar_Eggert_Sigurðsson,NA,1
Levon_Helm,Bob_Dylan,Undirected,515,Levon_Helm,NA,1
Jeffrey_DeMunn,Bob_Gunton,Undirected,516,Jeffrey_DeMunn,NA,1
Ariana_Richards,Bob_Peck,Undirected,517,Ariana_Richards,NA,1
Yaphet_Kotto,Bolaji_Badejo,Undirected,518,Yaphet_Kotto,NA,1
Stephen_Root,Brad_Garrett,Undirected,519,Stephen_Root,NA,1
Luke_Edwards,Bree_Williamson,Undirected,520,Luke_Edwards,NA,1
Jamey_Sheridan,Brian_d'Arcy_James,Undirected,521,Jamey_Sheridan,NA,1
Clotilde_Hesme,Céline_Sallette,Undirected,522,Clotilde_Hesme,NA,1
Burgess_Meredith,Carl_Weathers,Undirected,523,Burgess_Meredith,NA,1
Embeth_Davidtz,Caroline_Goodall,Undirected,524,Embeth_Davidtz,NA,1
Jacob_Tremblay,Cas_Anvar,Undirected,525,Jacob_Tremblay,NA,1
Frances_Lee_McCain,Casey_Siemaszko,Undirected,526,Frances_Lee_McCain,NA,1
Royce_Johnson,Charlie_Cox,Undirected,527,Royce_Johnson,NA,1
Vivica_A._Fox,Chiaki_Kuriyama,Undirected,528,Vivica_A._Fox,NA,1
Scarlett_Johansson,Chris_Evans,Undirected,529,Scarlett_Johansson,NA,1
Melissa_Benoist,Chris_Mulkey,Undirected,530,Melissa_Benoist,NA,1
Steve_Buscemi,Chris_Penn,Undirected,531,Steve_Buscemi,NA,1
Brad_Pitt,Christoph_Waltz,Undirected,532,Brad_Pitt,NA,1
Bill_Melendez,Christopher_Shea,Undirected,533,Bill_Melendez,NA,1
Renée_Adorée,Claire_Adams,Undirected,534,Renée_Adorée,NA,1
Claude_Rains,Conrad_Veidt,Undirected,535,Claude_Rains,NA,1
America_Ferrera,Craig_Ferguson,Undirected,536,America_Ferrera,NA,1
Debbie_Reynolds,Cyd_Charisse,Undirected,537,Debbie_Reynolds,NA,1
Brent_Sexton,Damian_Lewis,Undirected,538,Brent_Sexton,NA,1
Teresa_Wright,Dana_Andrews,Undirected,539,Teresa_Wright,NA,1
Richard_Masur,David_Clennon,Undirected,540,Richard_Masur,NA,1
Ray_Walston,David_White,Undirected,541,Ray_Walston,NA,1
Anne_Bancroft,Dexter_Fletcher,Undirected,542,Anne_Bancroft,NA,1
Jason_Flemyng,Dexter_Fletcher,Undirected,543,Jason_Flemyng,NA,1
Vin_Diesel,Djimon_Hounsou,Undirected,544,Vin_Diesel,NA,1
Hans_Weingartner,Dominik_Castell,Undirected,545,Hans_Weingartner,NA,1
Stefania_Sandrelli,Dominique_Sanda,Undirected,546,Stefania_Sandrelli,NA,1
John_Ratzenberger,Don_Rickles,Undirected,547,John_Ratzenberger,NA,1
Dick_Cheney,Donald_Rumsfeld,Undirected,548,Dick_Cheney,NA,1
Bin_Won,Dong-gun_Jang,Undirected,549,Bin_Won,NA,1
Jake_Gyllenhaal,Dylan_Minnette,Undirected,550,Jake_Gyllenhaal,NA,1
Frank_Finlay,Ed_Stoppard,Undirected,551,Frank_Finlay,NA,1
Sylvia_Eckhausen,Ejner_Federspiel,Undirected,552,Sylvia_Eckhausen,NA,1
Alex_Emanuel,Elaine_Bromka,Undirected,553,Alex_Emanuel,NA,1
Daniella_Alonso,Ellen_Barkin,Undirected,554,Daniella_Alonso,NA,1
Stacie_Evans,Emily_Gorell,Undirected,555,Stacie_Evans,NA,1
Sela_Ward,Emily_Ratajkowski,Undirected,556,Sela_Ward,NA,1
Alyson_Hannigan,Emma_Caulfield,Undirected,557,Alyson_Hannigan,NA,1
Jason_Dohring,Enrico_Colantoni,Undirected,558,Jason_Dohring,NA,1
Luigi_Pistilli,Enzo_Petito,Undirected,559,Luigi_Pistilli,NA,1
Jack_Canfield,Eric_Worre,Undirected,560,Jack_Canfield,NA,1
Lauren_Cohan,Erick_Avari,Undirected,561,Lauren_Cohan,NA,1
Ingrid_Thulin,Erland_Josephson,Undirected,562,Ingrid_Thulin,NA,1
Meat_Loaf,Eugenie_Bondurant,Undirected,563,Meat_Loaf,NA,1
Shirley_Henderson,Ewen_Bremner,Undirected,564,Shirley_Henderson,NA,1
Tom_Wilkinson,F._Murray_Abraham,Undirected,565,Tom_Wilkinson,NA,1
Jennifer_Landa,Felix_Avitia,Undirected,566,Jennifer_Landa,NA,1
Morgan_Freeman,Frances_Fisher,Undirected,567,Morgan_Freeman,NA,1
James_Nesbitt,Frances_O'Connor,Undirected,568,James_Nesbitt,NA,1
Cathy_Moriarty,Frank_Vincent,Undirected,569,Cathy_Moriarty,NA,1
Stanley_Blystone,Fred_Malatesta,Undirected,570,Stanley_Blystone,NA,1
Don_S._Davis,Gary_Jones,Undirected,571,Don_S._Davis,NA,1
Joe_E._Brown,George_Raft,Undirected,572,Joe_E._Brown,NA,1
Joan_Fontaine,George_Sanders,Undirected,573,Joan_Fontaine,NA,1
Gary_Lockwood,Glenn_Beck,Undirected,574,Gary_Lockwood,NA,1
Kaitlin_Olson,Glenn_Howerton,Undirected,575,Kaitlin_Olson,NA,1
Marcus_Chong,Gloria_Foster,Undirected,576,Marcus_Chong,NA,1
Donald_Pleasence,Gordon_Jackson,Undirected,577,Donald_Pleasence,NA,1
Jorge_Salinas,Goya_Toledo,Undirected,578,Jorge_Salinas,NA,1
Mark_Valley,Grey_Griffin,Undirected,579,Mark_Valley,NA,1
Soledad_Villamil,Guillermo_Francella,Undirected,580,Soledad_Villamil,NA,1
Sophie_Okonedo,Hakeem_Kae-Kazim,Undirected,581,Sophie_Okonedo,NA,1
William_Hurt,Hal_Holbrook,Undirected,582,William_Hurt,NA,1
Alexandra_Rapaport,Hana_Shuan,Undirected,583,Alexandra_Rapaport,NA,1
Steven_Berkoff,Hardy_Krüger,Undirected,584,Steven_Berkoff,NA,1
Martin_Semmelrogge,Herbert_Grönemeyer,Undirected,585,Martin_Semmelrogge,NA,1
Scott_Thompson,Hettienne_Park,Undirected,586,Scott_Thompson,NA,1
Ji-tae_Yu,Hye-jeong_Kang,Undirected,587,Ji-tae_Yu,NA,1
Jamel_Debbouze,Isabelle_Nanty,Undirected,588,Jamel_Debbouze,NA,1
Arthur_Agee,Isiah_Thomas,Undirected,589,Arthur_Agee,NA,1
Gloria_Foster,Ivan_Dixon,Undirected,590,Gloria_Foster,NA,1
Thomas_F._Wilson,J.J._Cohen,Undirected,591,Thomas_F._Wilson,NA,1
Judith_Anderson,Jack_Carson,Undirected,592,Judith_Anderson,NA,1
Orlando_Bloom,Jack_Davenport,Undirected,593,Orlando_Bloom,NA,1
Woody_Strode,Jack_Elam,Undirected,594,Woody_Strode,NA,1
José_Ferrer,Jack_Hawkins,Undirected,595,José_Ferrer,NA,1
Sessue_Hayakawa,Jack_Hawkins,Undirected,596,Sessue_Hayakawa,NA,1
Belinda_Stewart-Wilson,James_Buckley,Undirected,597,Belinda_Stewart-Wilson,NA,1
John_Ratzenberger,James_Coburn,Undirected,598,John_Ratzenberger,NA,1
Mary_McDonnell,James_Duval,Undirected,599,Mary_McDonnell,NA,1
Patrick_McGoohan,James_Robinson,Undirected,600,Patrick_McGoohan,NA,1
Powers_Boothe,Jason_Douglas,Undirected,601,Powers_Boothe,NA,1
Brad_Pitt,Jason_Flemyng,Undirected,602,Brad_Pitt,NA,1
Blythe_Danner,Jean_Simmons,Undirected,603,Blythe_Danner,NA,1
Fred_Willard,Jeff_Garlin,Undirected,604,Fred_Willard,NA,1
Carrie_Henn,Jenette_Goldstein,Undirected,605,Carrie_Henn,NA,1
Delroy_Lindo,Jess_Harnell,Undirected,606,Delroy_Lindo,NA,1
John_Ratzenberger,Jim_Varney,Undirected,607,John_Ratzenberger,NA,1
Sanjay_Dutt,Jimmy_Shergill,Undirected,608,Sanjay_Dutt,NA,1
Sarah_Roemer,Joan_Allen,Undirected,609,Sarah_Roemer,NA,1
Jimi_Hendrix,Joan_Baez,Undirected,610,Jimi_Hendrix,NA,1
Andrea_Martin,Joe_Flaherty,Undirected,611,Andrea_Martin,NA,1
Brendan_Mackey,Joe_Simpson,Undirected,612,Brendan_Mackey,NA,1
Shelley_Duvall,Joe_Turkel,Undirected,613,Shelley_Duvall,NA,1
Lee_J._Cobb,John_Fiedler,Undirected,614,Lee_J._Cobb,NA,1
Vera_Miles,John_Gavin,Undirected,615,Vera_Miles,NA,1
Amrish_Puri,John_Gielgud,Undirected,616,Amrish_Puri,NA,1
Rod_Steiger,John_Gielgud,Undirected,617,Rod_Steiger,NA,1
Meryl_Streep,John_Savage,Undirected,618,Meryl_Streep,NA,1
Matthew_McConaughey,Jon_Favreau,Undirected,619,Matthew_McConaughey,NA,1
Thomas_Lennon,Jorja_Fox,Undirected,620,Thomas_Lennon,NA,1
Christian_Bale,Joseph_Gordon-Levitt,Undirected,621,Christian_Bale,NA,1
Tom_Hardy,Joseph_Gordon-Levitt,Undirected,622,Tom_Hardy,NA,1
Art_Carney,Joyce_Randolph,Undirected,623,Art_Carney,NA,1
Austin_Pendleton,Judd_Hirsch,Undirected,624,Austin_Pendleton,NA,1
Minoru_Chiaki,Kamatari_Fujiwara,Undirected,625,Minoru_Chiaki,NA,1
John_Sparkes,Kate_Harbour,Undirected,626,John_Sparkes,NA,1
Slim_Pickens,Keenan_Wynn,Undirected,627,Slim_Pickens,NA,1
Ted_Cassidy,Kenneth_Mars,Undirected,628,Ted_Cassidy,NA,1
Ian_McDiarmid,Kenny_Baker,Undirected,629,Ian_McDiarmid,NA,1
Peter_Cushing,Kenny_Baker,Undirected,630,Peter_Cushing,NA,1
Paul_F._Tompkins,Kevin_Breznahan,Undirected,631,Paul_F._Tompkins,NA,1
Kevin_Connolly,Kevin_Dillon,Undirected,632,Kevin_Connolly,NA,1
Tom_Berenger,Kevin_Dillon,Undirected,633,Tom_Berenger,NA,1
Frank_Grillo,Kevin_Dunn,Undirected,634,Frank_Grillo,NA,1
Chazz_Palminteri,Kevin_Pollak,Undirected,635,Chazz_Palminteri,NA,1
Don_Rickles,Kevin_Pollak,Undirected,636,Don_Rickles,NA,1
The_Edge,Larry_Mullen_Jr.,Undirected,637,The_Edge,NA,1
David_Dencik,Lena_Endre,Undirected,638,David_Dencik,NA,1
Tuppence_Middleton,Lily_James,Undirected,639,Tuppence_Middleton,NA,1
Lloyd_Bridges,Lon_Chaney_Jr.,Undirected,640,Lloyd_Bridges,NA,1
Michael_Berryman,Louise_Fletcher,Undirected,641,Michael_Berryman,NA,1
Mark_Margolis,Louise_Lasser,Undirected,642,Mark_Margolis,NA,1
Tom_Hardy,Lukas_Haas,Undirected,643,Tom_Hardy,NA,1
Sean_Young,M._Emmet_Walsh,Undirected,644,Sean_Young,NA,1
Anne_Hathaway,Mackenzie_Foy,Undirected,645,Anne_Hathaway,NA,1
Steven_Mackintosh,Madhavan,Undirected,646,Steven_Mackintosh,NA,1
Fortunato_Cerlino,Marco_D'Amore,Undirected,647,Fortunato_Cerlino,NA,1
Amy_Sedaris,Maria_Thayer,Undirected,648,Amy_Sedaris,NA,1
Cody_Howard,Martin_Kove,Undirected,649,Cody_Howard,NA,1
Ulrich_Mühe,Martina_Gedeck,Undirected,650,Ulrich_Mühe,NA,1
F._Murray_Abraham,Mary_Elizabeth_Mastrantonio,Undirected,651,F._Murray_Abraham,NA,1
Vin_Diesel,Matt_Damon,Undirected,652,Vin_Diesel,NA,1
Jonathan_Crombie,Megan_Follows,Undirected,653,Jonathan_Crombie,NA,1
Ron_Lynch,Melissa_Bardin_Galsky,Undirected,654,Ron_Lynch,NA,1
Jeffrey_DeMunn,Michael_Jeter,Undirected,655,Jeffrey_DeMunn,NA,1
Greg_Speirs,Mickey_Hart,Undirected,656,Greg_Speirs,NA,1
Morgan_Freeman,Mike_Colter,Undirected,657,Morgan_Freeman,NA,1
Jamie_Farr,Mike_Farrell,Undirected,658,Jamie_Farr,NA,1
Bryce_Dallas_Howard,Mike_Vogel,Undirected,659,Bryce_Dallas_Howard,NA,1
Matt_Damon,Minnie_Driver,Undirected,660,Matt_Damon,NA,1
Aziz_Muradillayev,Mirlan_Abdulayev,Undirected,661,Aziz_Muradillayev,NA,1
Ryûnosuke_Kamiki,Miyu_Irino,Undirected,662,Ryûnosuke_Kamiki,NA,1
Amir_Farrokh_Hashemian,Mohammad_Amir_Naji,Undirected,663,Amir_Farrokh_Hashemian,NA,1
Heath_Ledger,Morgan_Freeman,Undirected,664,Heath_Ledger,NA,1
Liam_Neeson,Morgan_Freeman,Undirected,665,Liam_Neeson,NA,1
Anatoliy_Solonitsyn,Natalya_Bondarchuk,Undirected,666,Anatoliy_Solonitsyn,NA,1
Buzz_Aldrin,Neil_Armstrong,Undirected,667,Buzz_Aldrin,NA,1
Joseph_Sikora,Nellie_Sciutto,Undirected,668,Joseph_Sikora,NA,1
Nathan_Lane,Niketa_Calame,Undirected,669,Nathan_Lane,NA,1
Olaf_Lubaszenko,Olgierd_Lukaszewicz,Undirected,670,Olaf_Lubaszenko,NA,2
Adam_Goldberg,Oliver_Platt,Undirected,671,Adam_Goldberg,NA,1
Connie_Nielsen,Oliver_Reed,Undirected,672,Connie_Nielsen,NA,1
Haley_Joel_Osment,Olivia_Williams,Undirected,673,Haley_Joel_Osment,NA,1
Matt_McCoy,Paul_Guilfoyle,Undirected,674,Matt_McCoy,NA,1
Mike_Starr,Paul_Sorvino,Undirected,675,Mike_Starr,NA,1
Brian_Thompson,Paul_Winfield,Undirected,676,Brian_Thompson,NA,1
Albert_Brooks,Peter_Boyle,Undirected,677,Albert_Brooks,NA,1
Noah_Emmerich,Peter_Krause,Undirected,678,Noah_Emmerich,NA,1
Leila_Hatami,Peyman_Moaadi,Undirected,679,Leila_Hatami,NA,1
Eric_Stoltz,Phil_LaMarr,Undirected,680,Eric_Stoltz,NA,1
Mindy_Kaling,Phyllis_Smith,Undirected,681,Mindy_Kaling,NA,1
Anushka_Shetty,Prabhas,Undirected,682,Anushka_Shetty,NA,1
Sameer_Ali_Khan,Purab_Kohli,Undirected,683,Sameer_Ali_Khan,NA,1
Balinese_Tari_Legong_Dancers,Puti_Sri_Candra_Dewi,Undirected,684,Balinese_Tari_Legong_Dancers,NA,1
Robert_Shaw,Ray_Walston,Undirected,685,Robert_Shaw,NA,1
Matt_Damon,Ray_Winstone,Undirected,686,Matt_Damon,NA,1
Brad_Pitt,Reg_E._Cathey,Undirected,687,Brad_Pitt,NA,1
Bruce_Willis,Reginald_VelJohnson,Undirected,688,Bruce_Willis,NA,1
Al_Pacino,Robert_Duvall,Undirected,689,Al_Pacino,NA,1
Marlon_Brando,Robert_Duvall,Undirected,690,Marlon_Brando,NA,2
Karl_Malden,Rod_Steiger,Undirected,691,Karl_Malden,NA,1
Gustav_Fröhlich,Rudolf_Klein-Rogge,Undirected,692,Gustav_Fröhlich,NA,1
Blake_Ritson,Rupert_Evans,Undirected,693,Blake_Ritson,NA,1
Eddie_Marsan,Rupert_Graves,Undirected,694,Eddie_Marsan,NA,1
Joseph_Gilgun,Ruth_Negga,Undirected,695,Joseph_Gilgun,NA,1
Jenette_Goldstein,S._Epatha_Merkerson,Undirected,696,Jenette_Goldstein,NA,1
Siobhan_Fallon_Hogan,Sam_Anderson,Undirected,697,Siobhan_Fallon_Hogan,NA,1
T.J._Storm,Sam_Medina,Undirected,698,T.J._Storm,NA,1
James_Norton,Sarah_Lancashire,Undirected,699,James_Norton,NA,1
Hugh_Jackman,Scarlett_Johansson,Undirected,700,Hugh_Jackman,NA,1
Robert_Downey_Jr.,Scarlett_Johansson,Undirected,701,Robert_Downey_Jr.,NA,1
Aimee_Teegarden,Scott_Porter,Undirected,702,Aimee_Teegarden,NA,1
Darren_McGavin,Scott_Schwartz,Undirected,703,Darren_McGavin,NA,1
Maribel_Verdú,Sergi_López,Undirected,704,Maribel_Verdú,NA,1
Carol_Kane,Shelley_Duvall,Undirected,705,Carol_Kane,NA,1
Montgomery_Clift,Spencer_Tracy,Undirected,706,Montgomery_Clift,NA,1
Beverly_D'Angelo,Stacy_Keach,Undirected,707,Beverly_D'Angelo,NA,1
Ed_Skrein,Stefan_Kapicic,Undirected,708,Ed_Skrein,NA,1
Graham_McTavish,Stephen_Walters,Undirected,709,Graham_McTavish,NA,1
Jeff_Bridges,Steve_Buscemi,Undirected,710,Jeff_Bridges,NA,1
Herman_Koto,Syamsul_Arifin,Undirected,711,Herman_Koto,NA,1
Lola_Dueñas,Tamar_Novas,Undirected,712,Lola_Dueñas,NA,1
Scoot_McNairy,Taran_Killam,Undirected,713,Scoot_McNairy,NA,1
Michael_Palin,Terry_Jones,Undirected,714,Michael_Palin,NA,1
Takeshi_Kusao,Tesshô_Genda,Undirected,715,Takeshi_Kusao,NA,1
George_Reeves,Thomas_Mitchell,Undirected,716,George_Reeves,NA,1
Jean_Arthur,Thomas_Mitchell,Undirected,717,Jean_Arthur,NA,1
Lionel_Barrymore,Thomas_Mitchell,Undirected,718,Lionel_Barrymore,NA,1
Jake_Busey,Tim_Guinee,Undirected,719,Jake_Busey,NA,1
Dulé_Hill,Timothy_Omundson,Undirected,720,Dulé_Hill,NA,1
F._Murray_Abraham,Tom_Hulce,Undirected,721,F._Murray_Abraham,NA,1
Kirsten_Dunst,Tom_Wilkinson,Undirected,722,Kirsten_Dunst,NA,1
Trond_Fausa,Tommy_Karlsen,Undirected,723,Trond_Fausa,NA,1
Burt_Young,Treat_Williams,Undirected,724,Burt_Young,NA,1
Paprika_Steen,Trine_Dyrholm,Undirected,725,Paprika_Steen,NA,1
Woody_Strode,Vera_Miles,Undirected,726,Woody_Strode,NA,1
Kelvin_Taylor,Viva_Bianca,Undirected,727,Kelvin_Taylor,NA,1
Alan_Hale,Walter_Connolly,Undirected,728,Alan_Hale,NA,1
Indira_Varma,Warren_Brown,Undirected,729,Indira_Varma,NA,1
Faye_Dunaway,William_Holden,Undirected,730,Faye_Dunaway,NA,1
Karen_Allen,William_Hootkins,Undirected,731,Karen_Allen,NA,1
Brock_Peters,William_Windom,Undirected,732,Brock_Peters,NA,1
Chris_Elliott,Willie_Garson,Undirected,733,Chris_Elliott,NA,1
Charlize_Theron,Zoë_Kravitz,Undirected,734,Charlize_Theron,NA,1
